Part Number,Type,Cooling,Mounting,Voltage,EMI,Power_KW,Power_HP,Irated_IEC_A,Irated_UL_A,I_OC_A,I_OL_A,I_OC_%,I_OL_%,Rated_kHz,Max_kHz,Ctrl_Board
10F6A12-1A11,F6,air,panel,230V 3ph,none,2.2,3,11,11,23.76,16.50,216,150,8,16,A1
10F6A12-1A13,F6,air,push-through,230V 3ph,none,2.2,3,11,11,23.76,16.50,216,150,8,16,A1
10F6A32-1A11,F6,air,panel,230V 3ph,none,2.2,3,11,11,23.76,16.50,216,150,8,16,A3
10F6A32-1A13,F6,air,push-through,230V 3ph,none,2.2,3,11,11,23.76,16.50,216,150,8,16,A3
10F6K12-1A11,F6,air,panel,230V 3ph,none,2.2,3,11,11,23.76,16.50,216,150,8,16,K1
10F6K12-1A13,F6,air,push-through,230V 3ph,none,2.2,3,11,11,23.76,16.50,216,150,8,16,K1
10F6P52-1A31,F6,air,panel,230V 3ph,none,2.2,3,11,11,23.76,16.50,216,150,8,16,P5-3
10F6P52-1A33,F6,air,push-through,230V 3ph,none,2.2,3,11,11,23.76,16.50,216,150,8,16,P5-3
10F6P52-1A41,F6,air,panel,230V 3ph,none,2.2,3,11,11,23.76,16.50,216,150,8,16,P5-4
10F6P52-1A43,F6,air,push-through,230V 3ph,none,2.2,3,11,11,23.76,16.50,216,150,8,16,P5-4
10F6P52-1A51,F6,air,panel,230V 3ph,none,2.2,3,11,11,23.76,16.50,216,150,8,16,P5-5
10F6P52-1A53,F6,air,push-through,230V 3ph,none,2.2,3,11,11,23.76,16.50,216,150,8,16,P5-5
12F6A12-1A11,F6,air,panel,230V 3ph,none,4,5,17.50,17.50,37.80,26.25,216,150,8,16,A1
12F6A12-1A13,F6,air,push-through,230V 3ph,none,4,5,17.50,17.50,37.80,26.25,216,150,8,16,A1
12F6A12-3A11,F6,air,panel,400V 3ph,none,4,5,9.50,7.60,20.52,14.25,216,150,8,16,A1
12F6A12-3A13,F6,air,push-through,400V 3ph,none,4,5,9.50,7.60,20.52,14.25,216,150,8,16,A1
12F6A32-1A11,F6,air,panel,230V 3ph,none,4,5,17.50,17.50,37.80,26.25,216,150,8,16,A3
12F6A32-1A13,F6,air,push-through,230V 3ph,none,4,5,17.50,17.50,37.80,26.25,216,150,8,16,A3
12F6A32-3A11,F6,air,panel,400V 3ph,none,4,5,9.50,7.60,20.52,14.25,216,150,8,16,A3
12F6A32-3A13,F6,air,push-through,400V 3ph,none,4,5,9.50,7.60,20.52,14.25,216,150,8,16,A3
12F6K12-1A11,F6,air,panel,230V 3ph,none,4,5,17.50,17.50,37.80,26.25,216,150,8,16,K1
12F6K12-1A13,F6,air,push-through,230V 3ph,none,4,5,17.50,17.50,37.80,26.25,216,150,8,16,K1
12F6K12-3A11,F6,air,panel,400V 3ph,none,4,5,9.50,7.60,20.52,14.25,216,150,8,16,K1
12F6K12-3A13,F6,air,push-through,400V 3ph,none,4,5,9.50,7.60,20.52,14.25,216,150,8,16,K1
12F6P52-1A31,F6,air,panel,230V 3ph,none,4,5,17.50,17.50,37.80,26.25,216,150,8,16,P5-3
12F6P52-1A33,F6,air,push-through,230V 3ph,none,4,5,17.50,17.50,37.80,26.25,216,150,8,16,P5-3
12F6P52-1A41,F6,air,panel,230V 3ph,none,4,5,17.50,17.50,37.80,26.25,216,150,8,16,P5-4
12F6P52-1A43,F6,air,push-through,230V 3ph,none,4,5,17.50,17.50,37.80,26.25,216,150,8,16,P5-4
12F6P52-1A51,F6,air,panel,230V 3ph,none,4,5,17.50,17.50,37.80,26.25,216,150,8,16,P5-5
12F6P52-1A53,F6,air,push-through,230V 3ph,none,4,5,17.50,17.50,37.80,26.25,216,150,8,16,P5-5
12F6P52-3A31,F6,air,panel,400V 3ph,none,4,5,9.50,7.60,20.52,14.25,216,150,8,16,P5-3
12F6P52-3A33,F6,air,push-through,400V 3ph,none,4,5,9.50,7.60,20.52,14.25,216,150,8,16,P5-3
12F6P52-3A41,F6,air,panel,400V 3ph,none,4,5,9.50,7.60,20.52,14.25,216,150,8,16,P5-4
12F6P52-3A43,F6,air,push-through,400V 3ph,none,4,5,9.50,7.60,20.52,14.25,216,150,8,16,P5-4
12F6P52-3A51,F6,air,panel,400V 3ph,none,4,5,9.50,7.60,20.52,14.25,216,150,8,16,P5-5
12F6P52-3A53,F6,air,push-through,400V 3ph,none,4,5,9.50,7.60,20.52,14.25,216,150,8,16,P5-5
13F6A12-1511,F6,air,panel,230V 3ph,none,5.5,7.5,24,24,43.20,36,180,150,4,16,A1
13F6A12-1513,F6,air,push-through,230V 3ph,none,5.5,7.5,24,24,43.20,36,180,150,4,16,A1
13F6A12-3A11,F6,air,panel,400V 3ph,none,5.5,7.5,12,11,25.92,18,216,150,8,16,A1
13F6A12-3A13,F6,air,push-through,400V 3ph,none,5.5,7.5,12,11,25.92,18,216,150,8,16,A1
13F6A32-1511,F6,air,panel,230V 3ph,none,5.5,7.5,24,24,43.20,36,180,150,4,16,A3
13F6A32-1513,F6,air,push-through,230V 3ph,none,5.5,7.5,24,24,43.20,36,180,150,4,16,A3
13F6A32-3A11,F6,air,panel,400V 3ph,none,5.5,7.5,12,11,25.92,18,216,150,8,16,A3
13F6A32-3A13,F6,air,push-through,400V 3ph,none,5.5,7.5,12,11,25.92,18,216,150,8,16,A3
13F6K12-1511,F6,air,panel,230V 3ph,none,5.5,7.5,24,24,43.20,36,180,150,4,16,K1
13F6K12-1513,F6,air,push-through,230V 3ph,none,5.5,7.5,24,24,43.20,36,180,150,4,16,K1
13F6K12-3A11,F6,air,panel,400V 3ph,none,5.5,7.5,12,11,25.92,18,216,150,8,16,K1
13F6K12-3A13,F6,air,push-through,400V 3ph,none,5.5,7.5,12,11,25.92,18,216,150,8,16,K1
13F6P52-1531,F6,air,panel,230V 3ph,none,5.5,7.5,24,24,43.20,36,180,150,4,16,P5-3
13F6P52-1533,F6,air,push-through,230V 3ph,none,5.5,7.5,24,24,43.20,36,180,150,4,16,P5-3
13F6P52-1541,F6,air,panel,230V 3ph,none,5.5,7.5,24,24,43.20,36,180,150,4,16,P5-4
13F6P52-1543,F6,air,push-through,230V 3ph,none,5.5,7.5,24,24,43.20,36,180,150,4,16,P5-4
13F6P52-1551,F6,air,panel,230V 3ph,none,5.5,7.5,24,24,43.20,36,180,150,4,16,P5-5
13F6P52-1553,F6,air,push-through,230V 3ph,none,5.5,7.5,24,24,43.20,36,180,150,4,16,P5-5
13F6P52-3A31,F6,air,panel,400V 3ph,none,5.5,7.5,12,11,25.92,18,216,150,8,16,P5-3
13F6P52-3A33,F6,air,push-through,400V 3ph,none,5.5,7.5,12,11,25.92,18,216,150,8,16,P5-3
13F6P52-3A41,F6,air,panel,400V 3ph,none,5.5,7.5,12,11,25.92,18,216,150,8,16,P5-4
13F6P52-3A43,F6,air,push-through,400V 3ph,none,5.5,7.5,12,11,25.92,18,216,150,8,16,P5-4
13F6P52-3A51,F6,air,panel,400V 3ph,none,5.5,7.5,12,11,25.92,18,216,150,8,16,P5-5
13F6P52-3A53,F6,air,push-through,400V 3ph,none,5.5,7.5,12,11,25.92,18,216,150,8,16,P5-5
14F6A12-1511,F6,air,panel,230V 3ph,none,7.5,10,33,33,59.40,49.50,180,150,4,16,A1
14F6A12-1513,F6,air,push-through,230V 3ph,none,7.5,10,33,33,59.40,49.50,180,150,4,16,A1
14F6A12-3911,F6,air,panel,400V 3ph,none,7.5,10,16.50,14,35.64,24.75,216,150,4,16,A1
14F6A12-3913,F6,air,push-through,400V 3ph,none,7.5,10,16.50,14,35.64,24.75,216,150,4,16,A1
14F6A12-391H,F6,air (convection),push-through,400V 3ph,none,7.5,10,16.50,14,35.64,24.75,216,150,4,16,A1
14F6A32-1511,F6,air,panel,230V 3ph,none,7.5,10,33,33,59.40,49.50,180,150,4,16,A3
14F6A32-1513,F6,air,push-through,230V 3ph,none,7.5,10,33,33,59.40,49.50,180,150,4,16,A3
14F6A32-3911,F6,air,panel,400V 3ph,none,7.5,10,16.50,14,35.64,24.75,216,150,4,16,A3
14F6A32-3913,F6,air,push-through,400V 3ph,none,7.5,10,16.50,14,35.64,24.75,216,150,4,16,A3
14F6A32-391H,F6,air (convection),push-through,400V 3ph,none,7.5,10,16.50,14,35.64,24.75,216,150,4,16,A3
14F6K12-1511,F6,air,panel,230V 3ph,none,7.5,10,33,33,59.40,49.50,180,150,4,16,K1
14F6K12-1513,F6,air,push-through,230V 3ph,none,7.5,10,33,33,59.40,49.50,180,150,4,16,K1
14F6K12-3911,F6,air,panel,400V 3ph,none,7.5,10,16.50,14,35.64,24.75,216,150,4,16,K1
14F6K12-3913,F6,air,push-through,400V 3ph,none,7.5,10,16.50,14,35.64,24.75,216,150,4,16,K1
14F6K12-391H,F6,air (convection),push-through,400V 3ph,none,7.5,10,16.50,14,35.64,24.75,216,150,4,16,K1
14F6P52-1531,F6,air,panel,230V 3ph,none,7.5,10,33,33,59.40,49.50,180,150,4,16,P5-3
14F6P52-1533,F6,air,push-through,230V 3ph,none,7.5,10,33,33,59.40,49.50,180,150,4,16,P5-3
14F6P52-1541,F6,air,panel,230V 3ph,none,7.5,10,33,33,59.40,49.50,180,150,4,16,P5-4
14F6P52-1543,F6,air,push-through,230V 3ph,none,7.5,10,33,33,59.40,49.50,180,150,4,16,P5-4
14F6P52-1551,F6,air,panel,230V 3ph,none,7.5,10,33,33,59.40,49.50,180,150,4,16,P5-5
14F6P52-1553,F6,air,push-through,230V 3ph,none,7.5,10,33,33,59.40,49.50,180,150,4,16,P5-5
14F6P52-3931,F6,air,panel,400V 3ph,none,7.5,10,16.50,14,35.64,24.75,216,150,4,16,P5-3
14F6P52-3933,F6,air,push-through,400V 3ph,none,7.5,10,16.50,14,35.64,24.75,216,150,4,16,P5-3
14F6P52-393H,F6,air (convection),push-through,400V 3ph,none,7.5,10,16.50,14,35.64,24.75,216,150,4,16,P5-3
14F6P52-3941,F6,air,panel,400V 3ph,none,7.5,10,16.50,14,35.64,24.75,216,150,4,16,P5-4
14F6P52-3943,F6,air,push-through,400V 3ph,none,7.5,10,16.50,14,35.64,24.75,216,150,4,16,P5-4
14F6P52-394H,F6,air (convection),push-through,400V 3ph,none,7.5,10,16.50,14,35.64,24.75,216,150,4,16,P5-4
14F6P52-3951,F6,air,panel,400V 3ph,none,7.5,10,16.50,14,35.64,24.75,216,150,4,16,P5-5
14F6P52-3953,F6,air,push-through,400V 3ph,none,7.5,10,16.50,14,35.64,24.75,216,150,4,16,P5-5
14F6P52-395H,F6,air (convection),push-through,400V 3ph,none,7.5,10,16.50,14,35.64,24.75,216,150,4,16,P5-5
15F6A12-3511,F6,air,panel,400V 3ph,none,11,15,24,21,43.20,36,180,150,4,16,A1
15F6A12-3513,F6,air,push-through,400V 3ph,none,11,15,24,21,43.20,36,180,150,4,16,A1
15F6A32-3511,F6,air,panel,400V 3ph,none,11,15,24,21,43.20,36,180,150,4,16,A3
15F6A32-3513,F6,air,push-through,400V 3ph,none,11,15,24,21,43.20,36,180,150,4,16,A3
15F6K12-3511,F6,air,panel,400V 3ph,none,11,15,24,21,43.20,36,180,150,4,16,K1
15F6K12-3513,F6,air,push-through,400V 3ph,none,11,15,24,21,43.20,36,180,150,4,16,K1
15F6P52-3531,F6,air,panel,400V 3ph,none,11,15,24,21,43.20,36,180,150,4,16,P5-3
15F6P52-3533,F6,air,push-through,400V 3ph,none,11,15,24,21,43.20,36,180,150,4,16,P5-3
15F6P52-3541,F6,air,panel,400V 3ph,none,11,15,24,21,43.20,36,180,150,4,16,P5-4
15F6P52-3543,F6,air,push-through,400V 3ph,none,11,15,24,21,43.20,36,180,150,4,16,P5-4
15F6P52-3551,F6,air,panel,400V 3ph,none,11,15,24,21,43.20,36,180,150,4,16,P5-5
15F6P52-3553,F6,air,push-through,400V 3ph,none,11,15,24,21,43.20,36,180,150,4,16,P5-5
16F6A12-3411,F6,air,panel,400V 3ph,none,15,20,33,27,59.40,49.50,180,150,2,16,A1
16F6A12-3413,F6,air,push-through,400V 3ph,none,15,20,33,27,59.40,49.50,180,150,2,16,A1
16F6A12-341H,F6,air (convection),push-through,400V 3ph,none,15,20,33,27,59.40,49.50,180,150,2,16,A1
16F6A12-3511,F6,air,panel,400V 3ph,none,15,20,33,27,59.40,49.50,180,150,4,16,A1
16F6A12-3513,F6,air,push-through,400V 3ph,none,15,20,33,27,59.40,49.50,180,150,4,16,A1
16F6A32-3411,F6,air,panel,400V 3ph,none,15,20,33,27,59.40,49.50,180,150,2,16,A3
16F6A32-3413,F6,air,push-through,400V 3ph,none,15,20,33,27,59.40,49.50,180,150,2,16,A3
16F6A32-341H,F6,air (convection),push-through,400V 3ph,none,15,20,33,27,59.40,49.50,180,150,2,16,A3
16F6A32-3511,F6,air,panel,400V 3ph,none,15,20,33,27,59.40,49.50,180,150,4,16,A3
16F6A32-3513,F6,air,push-through,400V 3ph,none,15,20,33,27,59.40,49.50,180,150,4,16,A3
16F6K12-3411,F6,air,panel,400V 3ph,none,15,20,33,27,59.40,49.50,180,150,2,16,K1
16F6K12-3413,F6,air,push-through,400V 3ph,none,15,20,33,27,59.40,49.50,180,150,2,16,K1
16F6K12-341H,F6,air (convection),push-through,400V 3ph,none,15,20,33,27,59.40,49.50,180,150,2,16,K1
16F6K12-3511,F6,air,panel,400V 3ph,none,15,20,33,27,59.40,49.50,180,150,4,16,K1
16F6K12-3513,F6,air,push-through,400V 3ph,none,15,20,33,27,59.40,49.50,180,150,4,16,K1
16F6P52-343H,F6,air (convection),push-through,400V 3ph,none,15,20,33,27,59.40,49.50,180,150,2,16,P5-3
16F6P52-344H,F6,air (convection),push-through,400V 3ph,none,15,20,33,27,59.40,49.50,180,150,2,16,P5-4
16F6P52-345H,F6,air (convection),push-through,400V 3ph,none,15,20,33,27,59.40,49.50,180,150,2,16,P5-5
16F6P52-3531,F6,air,panel,400V 3ph,none,15,20,33,27,59.40,49.50,180,150,4,16,P5-3
16F6P52-3533,F6,air,push-through,400V 3ph,none,15,20,33,27,59.40,49.50,180,150,4,16,P5-3
16F6P52-3541,F6,air,panel,400V 3ph,none,15,20,33,27,59.40,49.50,180,150,4,16,P5-4
16F6P52-3543,F6,air,push-through,400V 3ph,none,15,20,33,27,59.40,49.50,180,150,4,16,P5-4
16F6P52-3551,F6,air,panel,400V 3ph,none,15,20,33,27,59.40,49.50,180,150,4,16,P5-5
16F6P52-3553,F6,air,push-through,400V 3ph,none,15,20,33,27,59.40,49.50,180,150,4,16,P5-5
15F6A13-1511,F6,air,panel,230V 3ph,none,11,15,48,48,86.40,72,180,150,4,16,A1
15F6A13-1513,F6,air,push-through,230V 3ph,none,11,15,48,48,86.40,72,180,150,4,16,A1
15F6A33-1511,F6,air,panel,230V 3ph,none,11,15,48,48,86.40,72,180,150,4,16,A3
15F6A33-1513,F6,air,push-through,230V 3ph,none,11,15,48,48,86.40,72,180,150,4,16,A3
15F6K13-1511,F6,air,panel,230V 3ph,none,11,15,48,48,86.40,72,180,150,4,16,K1
15F6K13-1513,F6,air,push-through,230V 3ph,none,11,15,48,48,86.40,72,180,150,4,16,K1
15F6P53-1531,F6,air,panel,230V 3ph,none,11,15,48,48,86.40,72,180,150,4,16,P5-3
15F6P53-1533,F6,air,push-through,230V 3ph,none,11,15,48,48,86.40,72,180,150,4,16,P5-3
15F6P53-1541,F6,air,panel,230V 3ph,none,11,15,48,48,86.40,72,180,150,4,16,P5-4
15F6P53-1543,F6,air,push-through,230V 3ph,none,11,15,48,48,86.40,72,180,150,4,16,P5-4
15F6P53-1551,F6,air,panel,230V 3ph,none,11,15,48,48,86.40,72,180,150,4,16,P5-5
15F6P53-1553,F6,air,push-through,230V 3ph,none,11,15,48,48,86.40,72,180,150,4,16,P5-5
16F6A13-1511,F6,air,panel,230V 3ph,none,15,20,62,60,111.60,93,180,150,4,16,A1
16F6A13-1513,F6,air,push-through,230V 3ph,none,15,20,62,60,111.60,93,180,150,4,16,A1
16F6A33-1511,F6,air,panel,230V 3ph,none,15,20,62,60,111.60,93,180,150,4,16,A3
16F6A33-1513,F6,air,push-through,230V 3ph,none,15,20,62,60,111.60,93,180,150,4,16,A3
16F6K13-1511,F6,air,panel,230V 3ph,none,15,20,62,60,111.60,93,180,150,4,16,K1
16F6K13-1513,F6,air,push-through,230V 3ph,none,15,20,62,60,111.60,93,180,150,4,16,K1
16F6P53-1531,F6,air,panel,230V 3ph,none,15,20,62,60,111.60,93,180,150,4,16,P5-3
16F6P53-1533,F6,air,push-through,230V 3ph,none,15,20,62,60,111.60,93,180,150,4,16,P5-3
16F6P53-1541,F6,air,panel,230V 3ph,none,15,20,62,60,111.60,93,180,150,4,16,P5-4
16F6P53-1543,F6,air,push-through,230V 3ph,none,15,20,62,60,111.60,93,180,150,4,16,P5-4
16F6P53-1551,F6,air,panel,230V 3ph,none,15,20,62,60,111.60,93,180,150,4,16,P5-5
16F6P53-1553,F6,air,push-through,230V 3ph,none,15,20,62,60,111.60,93,180,150,4,16,P5-5
17F6A13-1511,F6,air,panel,230V 3ph,none,18.5,25,75,75,135,112.50,180,150,4,16,A1
17F6A13-1513,F6,air,push-through,230V 3ph,none,18.5,25,75,75,135,112.50,180,150,4,16,A1
17F6A13-3411,F6,air,panel,400V 3ph,none,18.5,25,42,34,75.60,63,180,150,2,16,A1
17F6A13-3412,F6,water,panel,400V 3ph,none,18.5,25,42,34,75.60,63,180,150,2,16,A1
17F6A13-3413,F6,air,push-through,400V 3ph,none,18.5,25,42,34,75.60,63,180,150,2,16,A1
17F6A13-3414,F6,water,push-through,400V 3ph,none,18.5,25,42,34,75.60,63,180,150,2,16,A1
17F6A33-1511,F6,air,panel,230V 3ph,none,18.5,25,75,75,135,112.50,180,150,4,16,A3
17F6A33-1513,F6,air,push-through,230V 3ph,none,18.5,25,75,75,135,112.50,180,150,4,16,A3
17F6A33-3411,F6,air,panel,400V 3ph,none,18.5,25,42,34,75.60,63,180,150,2,16,A3
17F6A33-3412,F6,water,panel,400V 3ph,none,18.5,25,42,34,75.60,63,180,150,2,16,A3
17F6A33-3413,F6,air,push-through,400V 3ph,none,18.5,25,42,34,75.60,63,180,150,2,16,A3
17F6A33-3414,F6,water,push-through,400V 3ph,none,18.5,25,42,34,75.60,63,180,150,2,16,A3
17F6K13-1511,F6,air,panel,230V 3ph,none,18.5,25,75,75,135,112.50,180,150,4,16,K1
17F6K13-1513,F6,air,push-through,230V 3ph,none,18.5,25,75,75,135,112.50,180,150,4,16,K1
17F6K13-3411,F6,air,panel,400V 3ph,none,18.5,25,42,34,75.60,63,180,150,2,16,K1
17F6K13-3412,F6,water,panel,400V 3ph,none,18.5,25,42,34,75.60,63,180,150,2,16,K1
17F6K13-3413,F6,air,push-through,400V 3ph,none,18.5,25,42,34,75.60,63,180,150,2,16,K1
17F6K13-3414,F6,water,push-through,400V 3ph,none,18.5,25,42,34,75.60,63,180,150,2,16,K1
17F6P53-1531,F6,air,panel,230V 3ph,none,18.5,25,75,75,135,112.50,180,150,4,16,P5-3
17F6P53-1533,F6,air,push-through,230V 3ph,none,18.5,25,75,75,135,112.50,180,150,4,16,P5-3
17F6P53-1541,F6,air,panel,230V 3ph,none,18.5,25,75,75,135,112.50,180,150,4,16,P5-4
17F6P53-1543,F6,air,push-through,230V 3ph,none,18.5,25,75,75,135,112.50,180,150,4,16,P5-4
17F6P53-1551,F6,air,panel,230V 3ph,none,18.5,25,75,75,135,112.50,180,150,4,16,P5-5
17F6P53-1553,F6,air,push-through,230V 3ph,none,18.5,25,75,75,135,112.50,180,150,4,16,P5-5
17F6P53-3431,F6,air,panel,400V 3ph,none,18.5,25,42,34,75.60,63,180,150,2,16,P5-3
17F6P53-3432,F6,water,panel,400V 3ph,none,18.5,25,42,34,75.60,63,180,150,2,16,P5-3
17F6P53-3433,F6,air,push-through,400V 3ph,none,18.5,25,42,34,75.60,63,180,150,2,16,P5-3
17F6P53-3434,F6,water,push-through,400V 3ph,none,18.5,25,42,34,75.60,63,180,150,2,16,P5-3
17F6P53-3441,F6,air,panel,400V 3ph,none,18.5,25,42,34,75.60,63,180,150,2,16,P5-4
17F6P53-3442,F6,water,panel,400V 3ph,none,18.5,25,42,34,75.60,63,180,150,2,16,P5-4
17F6P53-3443,F6,air,push-through,400V 3ph,none,18.5,25,42,34,75.60,63,180,150,2,16,P5-4
17F6P53-3444,F6,water,push-through,400V 3ph,none,18.5,25,42,34,75.60,63,180,150,2,16,P5-4
17F6P53-3451,F6,air,panel,400V 3ph,none,18.5,25,42,34,75.60,63,180,150,2,16,P5-5
17F6P53-3452,F6,water,panel,400V 3ph,none,18.5,25,42,34,75.60,63,180,150,2,16,P5-5
17F6P53-3453,F6,air,push-through,400V 3ph,none,18.5,25,42,34,75.60,63,180,150,2,16,P5-5
17F6P53-3454,F6,water,push-through,400V 3ph,none,18.5,25,42,34,75.60,63,180,150,2,16,P5-5
18F6A13-3411,F6,air,panel,400V 3ph,none,22,30,50,40,90,75,180,150,2,16,A1
18F6A13-3412,F6,water,panel,400V 3ph,none,22,30,50,40,90,75,180,150,2,16,A1
18F6A13-3413,F6,air,push-through,400V 3ph,none,22,30,50,40,90,75,180,150,2,16,A1
18F6A13-3414,F6,water,push-through,400V 3ph,none,22,30,50,40,90,75,180,150,2,16,A1
18F6A33-3411,F6,air,panel,400V 3ph,none,22,30,50,40,90,75,180,150,2,16,A3
18F6A33-3412,F6,water,panel,400V 3ph,none,22,30,50,40,90,75,180,150,2,16,A3
18F6A33-3413,F6,air,push-through,400V 3ph,none,22,30,50,40,90,75,180,150,2,16,A3
18F6A33-3414,F6,water,push-through,400V 3ph,none,22,30,50,40,90,75,180,150,2,16,A3
18F6K13-3411,F6,air,panel,400V 3ph,none,22,30,50,40,90,75,180,150,2,16,K1
18F6K13-3412,F6,water,panel,400V 3ph,none,22,30,50,40,90,75,180,150,2,16,K1
18F6K13-3413,F6,air,push-through,400V 3ph,none,22,30,50,40,90,75,180,150,2,16,K1
18F6K13-3414,F6,water,push-through,400V 3ph,none,22,30,50,40,90,75,180,150,2,16,K1
18F6P53-3431,F6,air,panel,400V 3ph,none,22,30,50,40,90,75,180,150,2,16,P5-3
18F6P53-3432,F6,water,panel,400V 3ph,none,22,30,50,40,90,75,180,150,2,16,P5-3
18F6P53-3433,F6,air,push-through,400V 3ph,none,22,30,50,40,90,75,180,150,2,16,P5-3
18F6P53-3434,F6,water,push-through,400V 3ph,none,22,30,50,40,90,75,180,150,2,16,P5-3
18F6P53-3441,F6,air,panel,400V 3ph,none,22,30,50,40,90,75,180,150,2,16,P5-4
18F6P53-3442,F6,water,panel,400V 3ph,none,22,30,50,40,90,75,180,150,2,16,P5-4
18F6P53-3443,F6,air,push-through,400V 3ph,none,22,30,50,40,90,75,180,150,2,16,P5-4
18F6P53-3444,F6,water,push-through,400V 3ph,none,22,30,50,40,90,75,180,150,2,16,P5-4
18F6P53-3451,F6,air,panel,400V 3ph,none,22,30,50,40,90,75,180,150,2,16,P5-5
18F6P53-3452,F6,water,panel,400V 3ph,none,22,30,50,40,90,75,180,150,2,16,P5-5
18F6P53-3453,F6,air,push-through,400V 3ph,none,22,30,50,40,90,75,180,150,2,16,P5-5
18F6P53-3454,F6,water,push-through,400V 3ph,none,22,30,50,40,90,75,180,150,2,16,P5-5
19F6A13-3411,F6,air,panel,400V 3ph,none,30,40,60,52,108,90,180,150,2,16,A1
19F6A13-3412,F6,water,panel,400V 3ph,none,30,40,60,52,108,90,180,150,2,16,A1
19F6A13-3413,F6,air,push-through,400V 3ph,none,30,40,60,52,108,90,180,150,2,16,A1
19F6A13-3414,F6,water,push-through,400V 3ph,none,30,40,60,52,108,90,180,150,2,16,A1
19F6A13-3511,F6,air,panel,400V 3ph,none,30,40,60,52,108,90,180,150,4,16,A1
19F6A13-3512,F6,water,panel,400V 3ph,none,30,40,60,52,108,90,180,150,4,16,A1
19F6A13-3513,F6,air,push-through,400V 3ph,none,30,40,60,52,108,90,180,150,4,16,A1
19F6A13-3514,F6,water,push-through,400V 3ph,none,30,40,60,52,108,90,180,150,4,16,A1
19F6A33-3411,F6,air,panel,400V 3ph,none,30,40,60,52,108,90,180,150,2,16,A3
19F6A33-3412,F6,water,panel,400V 3ph,none,30,40,60,52,108,90,180,150,2,16,A3
19F6A33-3413,F6,air,push-through,400V 3ph,none,30,40,60,52,108,90,180,150,2,16,A3
19F6A33-3414,F6,water,push-through,400V 3ph,none,30,40,60,52,108,90,180,150,2,16,A3
19F6A33-3511,F6,air,panel,400V 3ph,none,30,40,60,52,108,90,180,150,4,16,A3
19F6A33-3512,F6,water,panel,400V 3ph,none,30,40,60,52,108,90,180,150,4,16,A3
19F6A33-3513,F6,air,push-through,400V 3ph,none,30,40,60,52,108,90,180,150,4,16,A3
19F6A33-3514,F6,water,push-through,400V 3ph,none,30,40,60,52,108,90,180,150,4,16,A3
19F6K13-3411,F6,air,panel,400V 3ph,none,30,40,60,52,108,90,180,150,2,16,K1
19F6K13-3412,F6,water,panel,400V 3ph,none,30,40,60,52,108,90,180,150,2,16,K1
19F6K13-3413,F6,air,push-through,400V 3ph,none,30,40,60,52,108,90,180,150,2,16,K1
19F6K13-3414,F6,water,push-through,400V 3ph,none,30,40,60,52,108,90,180,150,2,16,K1
19F6K13-3511,F6,air,panel,400V 3ph,none,30,40,60,52,108,90,180,150,4,16,K1
19F6K13-3512,F6,water,panel,400V 3ph,none,30,40,60,52,108,90,180,150,4,16,K1
19F6K13-3513,F6,air,push-through,400V 3ph,none,30,40,60,52,108,90,180,150,4,16,K1
19F6K13-3514,F6,water,push-through,400V 3ph,none,30,40,60,52,108,90,180,150,4,16,K1
19F6P53-3431,F6,air,panel,400V 3ph,none,30,40,60,52,108,90,180,150,2,16,P5-3
19F6P53-3432,F6,water,panel,400V 3ph,none,30,40,60,52,108,90,180,150,2,16,P5-3
19F6P53-3433,F6,air,push-through,400V 3ph,none,30,40,60,52,108,90,180,150,2,16,P5-3
19F6P53-3434,F6,water,push-through,400V 3ph,none,30,40,60,52,108,90,180,150,2,16,P5-3
19F6P53-3441,F6,air,panel,400V 3ph,none,30,40,60,52,108,90,180,150,2,16,P5-4
19F6P53-3442,F6,water,panel,400V 3ph,none,30,40,60,52,108,90,180,150,2,16,P5-4
19F6P53-3443,F6,air,push-through,400V 3ph,none,30,40,60,52,108,90,180,150,2,16,P5-4
19F6P53-3444,F6,water,push-through,400V 3ph,none,30,40,60,52,108,90,180,150,2,16,P5-4
19F6P53-3451,F6,air,panel,400V 3ph,none,30,40,60,52,108,90,180,150,2,16,P5-5
19F6P53-3452,F6,water,panel,400V 3ph,none,30,40,60,52,108,90,180,150,2,16,P5-5
19F6P53-3453,F6,air,push-through,400V 3ph,none,30,40,60,52,108,90,180,150,2,16,P5-5
19F6P53-3454,F6,water,push-through,400V 3ph,none,30,40,60,52,108,90,180,150,2,16,P5-5
19F6P53-3531,F6,air,panel,400V 3ph,none,30,40,60,52,108,90,180,150,4,16,P5-3
19F6P53-3532,F6,water,panel,400V 3ph,none,30,40,60,52,108,90,180,150,4,16,P5-3
19F6P53-3533,F6,air,push-through,400V 3ph,none,30,40,60,52,108,90,180,150,4,16,P5-3
19F6P53-3534,F6,water,push-through,400V 3ph,none,30,40,60,52,108,90,180,150,4,16,P5-3
19F6P53-3541,F6,air,panel,400V 3ph,none,30,40,60,52,108,90,180,150,4,16,P5-4
19F6P53-3542,F6,water,panel,400V 3ph,none,30,40,60,52,108,90,180,150,4,16,P5-4
19F6P53-3543,F6,air,push-through,400V 3ph,none,30,40,60,52,108,90,180,150,4,16,P5-4
19F6P53-3544,F6,water,push-through,400V 3ph,none,30,40,60,52,108,90,180,150,4,16,P5-4
19F6P53-3551,F6,air,panel,400V 3ph,none,30,40,60,52,108,90,180,150,4,16,P5-5
19F6P53-3552,F6,water,panel,400V 3ph,none,30,40,60,52,108,90,180,150,4,16,P5-5
19F6P53-3553,F6,air,push-through,400V 3ph,none,30,40,60,52,108,90,180,150,4,16,P5-5
19F6P53-3554,F6,water,push-through,400V 3ph,none,30,40,60,52,108,90,180,150,4,16,P5-5
20F6A13-3411,F6,air,panel,400V 3ph,none,37,50,75,65,135,112.50,180,150,2,16,A1
20F6A13-3412,F6,water,panel,400V 3ph,none,37,50,75,65,135,112.50,180,150,2,16,A1
20F6A13-3413,F6,air,push-through,400V 3ph,none,37,50,75,65,135,112.50,180,150,2,16,A1
20F6A13-3414,F6,water,push-through,400V 3ph,none,37,50,75,65,135,112.50,180,150,2,16,A1
20F6A33-3411,F6,air,panel,400V 3ph,none,37,50,75,65,135,112.50,180,150,2,16,A3
20F6A33-3412,F6,water,panel,400V 3ph,none,37,50,75,65,135,112.50,180,150,2,16,A3
20F6A33-3413,F6,air,push-through,400V 3ph,none,37,50,75,65,135,112.50,180,150,2,16,A3
20F6A33-3414,F6,water,push-through,400V 3ph,none,37,50,75,65,135,112.50,180,150,2,16,A3
20F6K13-3411,F6,air,panel,400V 3ph,none,37,50,75,65,135,112.50,180,150,2,16,K1
20F6K13-3412,F6,water,panel,400V 3ph,none,37,50,75,65,135,112.50,180,150,2,16,K1
20F6K13-3413,F6,air,push-through,400V 3ph,none,37,50,75,65,135,112.50,180,150,2,16,K1
20F6K13-3414,F6,water,push-through,400V 3ph,none,37,50,75,65,135,112.50,180,150,2,16,K1
20F6P53-3431,F6,air,panel,400V 3ph,none,37,50,75,65,135,112.50,180,150,2,16,P5-3
20F6P53-3432,F6,water,panel,400V 3ph,none,37,50,75,65,135,112.50,180,150,2,16,P5-3
20F6P53-3433,F6,air,push-through,400V 3ph,none,37,50,75,65,135,112.50,180,150,2,16,P5-3
20F6P53-3434,F6,water,push-through,400V 3ph,none,37,50,75,65,135,112.50,180,150,2,16,P5-3
20F6P53-3441,F6,air,panel,400V 3ph,none,37,50,75,65,135,112.50,180,150,2,16,P5-4
20F6P53-3442,F6,water,panel,400V 3ph,none,37,50,75,65,135,112.50,180,150,2,16,P5-4
20F6P53-3443,F6,air,push-through,400V 3ph,none,37,50,75,65,135,112.50,180,150,2,16,P5-4
20F6P53-3444,F6,water,push-through,400V 3ph,none,37,50,75,65,135,112.50,180,150,2,16,P5-4
20F6P53-3451,F6,air,panel,400V 3ph,none,37,50,75,65,135,112.50,180,150,2,16,P5-5
20F6P53-3452,F6,water,panel,400V 3ph,none,37,50,75,65,135,112.50,180,150,2,16,P5-5
20F6P53-3453,F6,air,push-through,400V 3ph,none,37,50,75,65,135,112.50,180,150,2,16,P5-5
20F6P53-3454,F6,water,push-through,400V 3ph,none,37,50,75,65,135,112.50,180,150,2,16,P5-5
18F6A14-1511,F6,air,panel,230V 3ph,none,22,30,85,85,153,127.50,180,150,4,16,A1
18F6A14-1512,F6,water,panel,230V 3ph,none,22,30,85,85,153,127.50,180,150,4,16,A1
18F6A14-1513,F6,air,push-through,230V 3ph,none,22,30,85,85,153,127.50,180,150,4,16,A1
18F6A14-1514,F6,water,push-through,230V 3ph,none,22,30,85,85,153,127.50,180,150,4,16,A1
18F6A34-1511,F6,air,panel,230V 3ph,none,22,30,85,85,153,127.50,180,150,4,16,A3
18F6A34-1512,F6,water,panel,230V 3ph,none,22,30,85,85,153,127.50,180,150,4,16,A3
18F6A34-1513,F6,air,push-through,230V 3ph,none,22,30,85,85,153,127.50,180,150,4,16,A3
18F6A34-1514,F6,water,push-through,230V 3ph,none,22,30,85,85,153,127.50,180,150,4,16,A3
18F6K14-1511,F6,air,panel,230V 3ph,none,22,30,85,85,153,127.50,180,150,4,16,K1
18F6K14-1512,F6,water,panel,230V 3ph,none,22,30,85,85,153,127.50,180,150,4,16,K1
18F6K14-1513,F6,air,push-through,230V 3ph,none,22,30,85,85,153,127.50,180,150,4,16,K1
18F6K14-1514,F6,water,push-through,230V 3ph,none,22,30,85,85,153,127.50,180,150,4,16,K1
18F6K14-3517,F6,oil,push-through,400V 3ph,none,22,30,50,40,90,75,180,150,4,16,K1
18F6P54-1531,F6,air,panel,230V 3ph,none,22,30,85,85,153,127.50,180,150,4,16,P5-3
18F6P54-1532,F6,water,panel,230V 3ph,none,22,30,85,85,153,127.50,180,150,4,16,P5-3
18F6P54-1533,F6,air,push-through,230V 3ph,none,22,30,85,85,153,127.50,180,150,4,16,P5-3
18F6P54-1534,F6,water,push-through,230V 3ph,none,22,30,85,85,153,127.50,180,150,4,16,P5-3
18F6P54-1541,F6,air,panel,230V 3ph,none,22,30,85,85,153,127.50,180,150,4,16,P5-4
18F6P54-1542,F6,water,panel,230V 3ph,none,22,30,85,85,153,127.50,180,150,4,16,P5-4
18F6P54-1543,F6,air,push-through,230V 3ph,none,22,30,85,85,153,127.50,180,150,4,16,P5-4
18F6P54-1544,F6,water,push-through,230V 3ph,none,22,30,85,85,153,127.50,180,150,4,16,P5-4
18F6P54-1551,F6,air,panel,230V 3ph,none,22,30,85,85,153,127.50,180,150,4,16,P5-5
18F6P54-1552,F6,water,panel,230V 3ph,none,22,30,85,85,153,127.50,180,150,4,16,P5-5
18F6P54-1553,F6,air,push-through,230V 3ph,none,22,30,85,85,153,127.50,180,150,4,16,P5-5
18F6P54-1554,F6,water,push-through,230V 3ph,none,22,30,85,85,153,127.50,180,150,4,16,P5-5
19F6K14-3517,F6,oil,push-through,400V 3ph,none,30,40,60,52,108,90,180,150,4,16,K1
20F6A14-3511,F6,air,panel,400V 3ph,none,37,50,75,65,135,112.50,180,150,4,16,A1
20F6A14-3512,F6,water,panel,400V 3ph,none,37,50,75,65,135,112.50,180,150,4,16,A1
20F6A14-3513,F6,air,push-through,400V 3ph,none,37,50,75,65,135,112.50,180,150,4,16,A1
20F6A14-3514,F6,water,push-through,400V 3ph,none,37,50,75,65,135,112.50,180,150,4,16,A1
20F6A34-3511,F6,air,panel,400V 3ph,none,37,50,75,65,135,112.50,180,150,4,16,A3
20F6A34-3512,F6,water,panel,400V 3ph,none,37,50,75,65,135,112.50,180,150,4,16,A3
20F6A34-3513,F6,air,push-through,400V 3ph,none,37,50,75,65,135,112.50,180,150,4,16,A3
20F6A34-3514,F6,water,push-through,400V 3ph,none,37,50,75,65,135,112.50,180,150,4,16,A3
20F6K14-3511,F6,air,panel,400V 3ph,none,37,50,75,65,135,112.50,180,150,4,16,K1
20F6K14-3512,F6,water,panel,400V 3ph,none,37,50,75,65,135,112.50,180,150,4,16,K1
20F6K14-3513,F6,air,push-through,400V 3ph,none,37,50,75,65,135,112.50,180,150,4,16,K1
20F6K14-3514,F6,water,push-through,400V 3ph,none,37,50,75,65,135,112.50,180,150,4,16,K1
20F6K14-3517,F6,oil,push-through,400V 3ph,none,37,50,75,65,135,112.50,180,150,4,16,K1
20F6P54-3531,F6,air,panel,400V 3ph,none,37,50,75,65,135,112.50,180,150,4,16,P5-3
20F6P54-3532,F6,water,panel,400V 3ph,none,37,50,75,65,135,112.50,180,150,4,16,P5-3
20F6P54-3533,F6,air,push-through,400V 3ph,none,37,50,75,65,135,112.50,180,150,4,16,P5-3
20F6P54-3534,F6,water,push-through,400V 3ph,none,37,50,75,65,135,112.50,180,150,4,16,P5-3
20F6P54-3541,F6,air,panel,400V 3ph,none,37,50,75,65,135,112.50,180,150,4,16,P5-4
20F6P54-3542,F6,water,panel,400V 3ph,none,37,50,75,65,135,112.50,180,150,4,16,P5-4
20F6P54-3543,F6,air,push-through,400V 3ph,none,37,50,75,65,135,112.50,180,150,4,16,P5-4
20F6P54-3544,F6,water,push-through,400V 3ph,none,37,50,75,65,135,112.50,180,150,4,16,P5-4
20F6P54-3551,F6,air,panel,400V 3ph,none,37,50,75,65,135,112.50,180,150,4,16,P5-5
20F6P54-3552,F6,water,panel,400V 3ph,none,37,50,75,65,135,112.50,180,150,4,16,P5-5
20F6P54-3553,F6,air,push-through,400V 3ph,none,37,50,75,65,135,112.50,180,150,4,16,P5-5
20F6P54-3554,F6,water,push-through,400V 3ph,none,37,50,75,65,135,112.50,180,150,4,16,P5-5
21F6A14-3411,F6,air,panel,400V 3ph,none,45,60,90,77,162,135,180,150,2,16,A1
21F6A14-3412,F6,water,panel,400V 3ph,none,45,60,90,77,162,135,180,150,2,16,A1
21F6A14-3413,F6,air,push-through,400V 3ph,none,45,60,90,77,162,135,180,150,2,16,A1
21F6A14-3414,F6,water,push-through,400V 3ph,none,45,60,90,77,162,135,180,150,2,16,A1
21F6A34-3411,F6,air,panel,400V 3ph,none,45,60,90,77,162,135,180,150,2,16,A3
21F6A34-3412,F6,water,panel,400V 3ph,none,45,60,90,77,162,135,180,150,2,16,A3
21F6A34-3413,F6,air,push-through,400V 3ph,none,45,60,90,77,162,135,180,150,2,16,A3
21F6A34-3414,F6,water,push-through,400V 3ph,none,45,60,90,77,162,135,180,150,2,16,A3
21F6K14-3411,F6,air,panel,400V 3ph,none,45,60,90,77,162,135,180,150,2,16,K1
21F6K14-3412,F6,water,panel,400V 3ph,none,45,60,90,77,162,135,180,150,2,16,K1
21F6K14-3413,F6,air,push-through,400V 3ph,none,45,60,90,77,162,135,180,150,2,16,K1
21F6K14-3414,F6,water,push-through,400V 3ph,none,45,60,90,77,162,135,180,150,2,16,K1
21F6P54-3431,F6,air,panel,400V 3ph,none,45,60,90,77,162,135,180,150,2,16,P5-3
21F6P54-3432,F6,water,panel,400V 3ph,none,45,60,90,77,162,135,180,150,2,16,P5-3
21F6P54-3433,F6,air,push-through,400V 3ph,none,45,60,90,77,162,135,180,150,2,16,P5-3
21F6P54-3434,F6,water,push-through,400V 3ph,none,45,60,90,77,162,135,180,150,2,16,P5-3
21F6P54-3441,F6,air,panel,400V 3ph,none,45,60,90,77,162,135,180,150,2,16,P5-4
21F6P54-3442,F6,water,panel,400V 3ph,none,45,60,90,77,162,135,180,150,2,16,P5-4
21F6P54-3443,F6,air,push-through,400V 3ph,none,45,60,90,77,162,135,180,150,2,16,P5-4
21F6P54-3444,F6,water,push-through,400V 3ph,none,45,60,90,77,162,135,180,150,2,16,P5-4
21F6P54-3451,F6,air,panel,400V 3ph,none,45,60,90,77,162,135,180,150,2,16,P5-5
21F6P54-3452,F6,water,panel,400V 3ph,none,45,60,90,77,162,135,180,150,2,16,P5-5
21F6P54-3453,F6,air,push-through,400V 3ph,none,45,60,90,77,162,135,180,150,2,16,P5-5
21F6P54-3454,F6,water,push-through,400V 3ph,none,45,60,90,77,162,135,180,150,2,16,P5-5
22F6A14-3411,F6,air,panel,400V 3ph,none,55,75,110,96,198,165,180,150,2,16,A1
22F6A14-3412,F6,water,panel,400V 3ph,none,55,75,110,96,198,165,180,150,2,16,A1
22F6A14-3413,F6,air,push-through,400V 3ph,none,55,75,110,96,198,165,180,150,2,16,A1
22F6A14-3414,F6,water,push-through,400V 3ph,none,55,75,110,96,198,165,180,150,2,16,A1
22F6A34-3411,F6,air,panel,400V 3ph,none,55,75,110,96,198,165,180,150,2,16,A3
22F6A34-3412,F6,water,panel,400V 3ph,none,55,75,110,96,198,165,180,150,2,16,A3
22F6A34-3413,F6,air,push-through,400V 3ph,none,55,75,110,96,198,165,180,150,2,16,A3
22F6A34-3414,F6,water,push-through,400V 3ph,none,55,75,110,96,198,165,180,150,2,16,A3
22F6K14-3411,F6,air,panel,400V 3ph,none,55,75,110,96,198,165,180,150,2,16,K1
22F6K14-3412,F6,water,panel,400V 3ph,none,55,75,110,96,198,165,180,150,2,16,K1
22F6K14-3413,F6,air,push-through,400V 3ph,none,55,75,110,96,198,165,180,150,2,16,K1
22F6K14-3414,F6,water,push-through,400V 3ph,none,55,75,110,96,198,165,180,150,2,16,K1
22F6P54-3431,F6,air,panel,400V 3ph,none,55,75,110,96,198,165,180,150,2,16,P5-3
22F6P54-3432,F6,water,panel,400V 3ph,none,55,75,110,96,198,165,180,150,2,16,P5-3
22F6P54-3433,F6,air,push-through,400V 3ph,none,55,75,110,96,198,165,180,150,2,16,P5-3
22F6P54-3434,F6,water,push-through,400V 3ph,none,55,75,110,96,198,165,180,150,2,16,P5-3
22F6P54-3441,F6,air,panel,400V 3ph,none,55,75,110,96,198,165,180,150,2,16,P5-4
22F6P54-3442,F6,water,panel,400V 3ph,none,55,75,110,96,198,165,180,150,2,16,P5-4
22F6P54-3443,F6,air,push-through,400V 3ph,none,55,75,110,96,198,165,180,150,2,16,P5-4
22F6P54-3444,F6,water,push-through,400V 3ph,none,55,75,110,96,198,165,180,150,2,16,P5-4
22F6P54-3451,F6,air,panel,400V 3ph,none,55,75,110,96,198,165,180,150,2,16,P5-5
22F6P54-3452,F6,water,panel,400V 3ph,none,55,75,110,96,198,165,180,150,2,16,P5-5
22F6P54-3453,F6,air,push-through,400V 3ph,none,55,75,110,96,198,165,180,150,2,16,P5-5
22F6P54-3454,F6,water,push-through,400V 3ph,none,55,75,110,96,198,165,180,150,2,16,P5-5
19F6A16-1611,F6,air,panel,230V 3ph,none,30,40,115,115,207,172.50,180,150,8,16,A1
19F6A16-1613,F6,air,push-through,230V 3ph,none,30,40,115,115,207,172.50,180,150,8,16,A1
19F6A36-1611,F6,air,panel,230V 3ph,none,30,40,115,115,207,172.50,180,150,8,16,A3
19F6A36-1613,F6,air,push-through,230V 3ph,none,30,40,115,115,207,172.50,180,150,8,16,A3
19F6K16-1611,F6,air,panel,230V 3ph,none,30,40,115,115,207,172.50,180,150,8,16,K1
19F6K16-1613,F6,air,push-through,230V 3ph,none,30,40,115,115,207,172.50,180,150,8,16,K1
19F6P56-1641,F6,air,panel,230V 3ph,none,30,40,115,115,207,172.50,180,150,8,16,P5-4
19F6P56-1643,F6,air,push-through,230V 3ph,none,30,40,115,115,207,172.50,180,150,8,16,P5-4
19F6P56-1651,F6,air,panel,230V 3ph,none,30,40,115,115,207,172.50,180,150,8,16,P5-5
19F6P56-1653,F6,air,push-through,230V 3ph,none,30,40,115,115,207,172.50,180,150,8,16,P5-5
20F6A16-1511,F6,air,panel,230V 3ph,none,37,50,145,145,261,217.50,180,150,4,16,A1
20F6A16-1513,F6,air,push-through,230V 3ph,none,37,50,145,145,261,217.50,180,150,4,16,A1
20F6A36-1511,F6,air,panel,230V 3ph,none,37,50,145,145,261,217.50,180,150,4,16,A3
20F6A36-1513,F6,air,push-through,230V 3ph,none,37,50,145,145,261,217.50,180,150,4,16,A3
20F6K16-1511,F6,air,panel,230V 3ph,none,37,50,145,145,261,217.50,180,150,4,16,K1
20F6K16-1513,F6,air,push-through,230V 3ph,none,37,50,145,145,261,217.50,180,150,4,16,K1
20F6P56-1541,F6,air,panel,230V 3ph,none,37,50,145,145,261,217.50,180,150,4,16,P5-4
20F6P56-1543,F6,air,push-through,230V 3ph,none,37,50,145,145,261,217.50,180,150,4,16,P5-4
20F6P56-1551,F6,air,panel,230V 3ph,none,37,50,145,145,261,217.50,180,150,4,16,P5-5
20F6P56-1553,F6,air,push-through,230V 3ph,none,37,50,145,145,261,217.50,180,150,4,16,P5-5
21F6A16-1411,F6,air,panel,230V 3ph,none,45,60,175,175,315,262.50,180,150,2,16,A1
21F6A16-1413,F6,air,push-through,230V 3ph,none,45,60,175,175,315,262.50,180,150,2,16,A1
21F6A16-3611,F6,air,panel,400V 3ph,none,45,60,90,77,162,135,180,150,8,16,A1
21F6A16-3612,F6,water,panel,400V 3ph,none,45,60,90,77,162,135,180,150,8,16,A1
21F6A16-3613,F6,air,push-through,400V 3ph,none,45,60,90,77,162,135,180,150,8,16,A1
21F6A16-3614,F6,water,push-through,400V 3ph,none,45,60,90,77,162,135,180,150,8,16,A1
21F6A16-3617,F6,oil,push-through,400V 3ph,none,45,60,90,77,162,135,180,150,8,16,A1
21F6A36-1411,F6,air,panel,230V 3ph,none,45,60,175,175,315,262.50,180,150,2,16,A3
21F6A36-1413,F6,air,push-through,230V 3ph,none,45,60,175,175,315,262.50,180,150,2,16,A3
21F6A36-3611,F6,air,panel,400V 3ph,none,45,60,90,77,162,135,180,150,8,16,A3
21F6A36-3612,F6,water,panel,400V 3ph,none,45,60,90,77,162,135,180,150,8,16,A3
21F6A36-3613,F6,air,push-through,400V 3ph,none,45,60,90,77,162,135,180,150,8,16,A3
21F6A36-3614,F6,water,push-through,400V 3ph,none,45,60,90,77,162,135,180,150,8,16,A3
21F6A36-3617,F6,oil,push-through,400V 3ph,none,45,60,90,77,162,135,180,150,8,16,A3
21F6K16-1411,F6,air,panel,230V 3ph,none,45,60,175,175,315,262.50,180,150,2,16,K1
21F6K16-1413,F6,air,push-through,230V 3ph,none,45,60,175,175,315,262.50,180,150,2,16,K1
21F6K16-3611,F6,air,panel,400V 3ph,none,45,60,90,77,162,135,180,150,8,16,K1
21F6K16-3612,F6,water,panel,400V 3ph,none,45,60,90,77,162,135,180,150,8,16,K1
21F6K16-3613,F6,air,push-through,400V 3ph,none,45,60,90,77,162,135,180,150,8,16,K1
21F6K16-3614,F6,water,push-through,400V 3ph,none,45,60,90,77,162,135,180,150,8,16,K1
21F6K16-3617,F6,oil,push-through,400V 3ph,none,45,60,90,77,162,135,180,150,8,16,K1
21F6P56-1441,F6,air,panel,230V 3ph,none,45,60,175,175,315,262.50,180,150,2,16,P5-4
21F6P56-1443,F6,air,push-through,230V 3ph,none,45,60,175,175,315,262.50,180,150,2,16,P5-4
21F6P56-1451,F6,air,panel,230V 3ph,none,45,60,175,175,315,262.50,180,150,2,16,P5-5
21F6P56-1453,F6,air,push-through,230V 3ph,none,45,60,175,175,315,262.50,180,150,2,16,P5-5
21F6P56-3631,F6,air,panel,400V 3ph,none,45,60,90,77,162,135,180,150,8,16,P5-3
21F6P56-3632,F6,water,panel,400V 3ph,none,45,60,90,77,162,135,180,150,8,16,P5-3
21F6P56-3633,F6,air,push-through,400V 3ph,none,45,60,90,77,162,135,180,150,8,16,P5-3
21F6P56-3634,F6,water,push-through,400V 3ph,none,45,60,90,77,162,135,180,150,8,16,P5-3
21F6P56-3641,F6,air,panel,400V 3ph,none,45,60,90,77,162,135,180,150,8,16,P5-4
21F6P56-3642,F6,water,panel,400V 3ph,none,45,60,90,77,162,135,180,150,8,16,P5-4
21F6P56-3643,F6,air,push-through,400V 3ph,none,45,60,90,77,162,135,180,150,8,16,P5-4
21F6P56-3644,F6,water,push-through,400V 3ph,none,45,60,90,77,162,135,180,150,8,16,P5-4
21F6P56-3651,F6,air,panel,400V 3ph,none,45,60,90,77,162,135,180,150,8,16,P5-5
21F6P56-3652,F6,water,panel,400V 3ph,none,45,60,90,77,162,135,180,150,8,16,P5-5
21F6P56-3653,F6,air,push-through,400V 3ph,none,45,60,90,77,162,135,180,150,8,16,P5-5
21F6P56-3654,F6,water,push-through,400V 3ph,none,45,60,90,77,162,135,180,150,8,16,P5-5
22F6A16-3511,F6,air,panel,400V 3ph,none,55,75,115,96,207,172.50,180,150,4,16,A1
22F6A16-3512,F6,water,panel,400V 3ph,none,55,75,115,96,207,172.50,180,150,4,16,A1
22F6A16-3513,F6,air,push-through,400V 3ph,none,55,75,115,96,207,172.50,180,150,4,16,A1
22F6A16-3514,F6,water,push-through,400V 3ph,none,55,75,115,96,207,172.50,180,150,4,16,A1
22F6A16-3517,F6,oil,push-through,400V 3ph,none,55,75,115,96,207,172.50,180,150,4,16,A1
22F6A16-3B11,F6,air,panel,400V 3ph,none,55,75,115,96,172.50,143.75,150,125,8,16,A1
22F6A16-3B13,F6,air,push-through,400V 3ph,none,55,75,115,96,172.50,143.75,150,125,8,16,A1
22F6A36-3511,F6,air,panel,400V 3ph,none,55,75,115,96,207,172.50,180,150,4,16,A3
22F6A36-3512,F6,water,panel,400V 3ph,none,55,75,115,96,207,172.50,180,150,4,16,A3
22F6A36-3513,F6,air,push-through,400V 3ph,none,55,75,115,96,207,172.50,180,150,4,16,A3
22F6A36-3514,F6,water,push-through,400V 3ph,none,55,75,115,96,207,172.50,180,150,4,16,A3
22F6A36-3517,F6,oil,push-through,400V 3ph,none,55,75,115,96,207,172.50,180,150,4,16,A3
22F6A36-3B11,F6,air,panel,400V 3ph,none,55,75,115,96,172.50,143.75,150,125,8,16,A3
22F6A36-3B13,F6,air,push-through,400V 3ph,none,55,75,115,96,172.50,143.75,150,125,8,16,A3
22F6K16-3511,F6,air,panel,400V 3ph,none,55,75,115,96,207,172.50,180,150,4,16,K1
22F6K16-3512,F6,water,panel,400V 3ph,none,55,75,115,96,207,172.50,180,150,4,16,K1
22F6K16-3513,F6,air,push-through,400V 3ph,none,55,75,115,96,207,172.50,180,150,4,16,K1
22F6K16-3514,F6,water,push-through,400V 3ph,none,55,75,115,96,207,172.50,180,150,4,16,K1
22F6K16-3517,F6,oil,push-through,400V 3ph,none,55,75,115,96,207,172.50,180,150,4,16,K1
22F6P56-3531,F6,air,panel,400V 3ph,none,55,75,115,96,207,172.50,180,150,4,16,P5-3
22F6P56-3532,F6,water,panel,400V 3ph,none,55,75,115,96,207,172.50,180,150,4,16,P5-3
22F6P56-3533,F6,air,push-through,400V 3ph,none,55,75,115,96,207,172.50,180,150,4,16,P5-3
22F6P56-3534,F6,water,push-through,400V 3ph,none,55,75,115,96,207,172.50,180,150,4,16,P5-3
22F6P56-3541,F6,air,panel,400V 3ph,none,55,75,115,96,207,172.50,180,150,4,16,P5-4
22F6P56-3542,F6,water,panel,400V 3ph,none,55,75,115,96,207,172.50,180,150,4,16,P5-4
22F6P56-3543,F6,air,push-through,400V 3ph,none,55,75,115,96,207,172.50,180,150,4,16,P5-4
22F6P56-3544,F6,water,push-through,400V 3ph,none,55,75,115,96,207,172.50,180,150,4,16,P5-4
22F6P56-3551,F6,air,panel,400V 3ph,none,55,75,115,96,207,172.50,180,150,4,16,P5-5
22F6P56-3552,F6,water,panel,400V 3ph,none,55,75,115,96,207,172.50,180,150,4,16,P5-5
22F6P56-3553,F6,air,push-through,400V 3ph,none,55,75,115,96,207,172.50,180,150,4,16,P5-5
22F6P56-3554,F6,water,push-through,400V 3ph,none,55,75,115,96,207,172.50,180,150,4,16,P5-5
22F6P56-3B31,F6,air,panel,400V 3ph,none,55,75,115,96,172.50,143.75,150,125,8,16,P5-3
22F6P56-3B33,F6,air,push-through,400V 3ph,none,55,75,115,96,172.50,143.75,150,125,8,16,P5-3
22F6P56-3B41,F6,air,panel,400V 3ph,none,55,75,115,96,172.50,143.75,150,125,8,16,P5-4
22F6P56-3B43,F6,air,push-through,400V 3ph,none,55,75,115,96,172.50,143.75,150,125,8,16,P5-4
22F6P56-3B51,F6,air,panel,400V 3ph,none,55,75,115,96,172.50,143.75,150,125,8,16,P5-5
22F6P56-3B53,F6,air,push-through,400V 3ph,none,55,75,115,96,172.50,143.75,150,125,8,16,P5-5
23F6A16-3411,F6,air,panel,400V 3ph,none,75,100,150,124,270,225,180,150,2,16,A1
23F6A16-3412,F6,water,panel,400V 3ph,none,75,100,150,124,270,225,180,150,2,16,A1
23F6A16-3413,F6,air,push-through,400V 3ph,none,75,100,150,124,270,225,180,150,2,16,A1
23F6A16-3414,F6,water,push-through,400V 3ph,none,75,100,150,124,270,225,180,150,2,16,A1
23F6A16-3511,F6,air,panel,400V 3ph,none,75,100,150,124,270,225,180,150,4,16,A1
23F6A16-3512,F6,water,panel,400V 3ph,none,75,100,150,124,270,225,180,150,4,16,A1
23F6A16-3513,F6,air,push-through,400V 3ph,none,75,100,150,124,270,225,180,150,4,16,A1
23F6A16-3514,F6,water,push-through,400V 3ph,none,75,100,150,124,270,225,180,150,4,16,A1
23F6A16-3517,F6,oil,push-through,400V 3ph,none,75,100,150,124,270,225,180,150,4,16,A1
23F6A16-3612,F6,water,panel,400V 3ph,none,75,100,150,124,270,225,180,150,8,16,A1
23F6A16-3614,F6,water,push-through,400V 3ph,none,75,100,150,124,270,225,180,150,8,16,A1
23F6A36-3411,F6,air,panel,400V 3ph,none,75,100,150,124,270,225,180,150,2,16,A3
23F6A36-3412,F6,water,panel,400V 3ph,none,75,100,150,124,270,225,180,150,2,16,A3
23F6A36-3413,F6,air,push-through,400V 3ph,none,75,100,150,124,270,225,180,150,2,16,A3
23F6A36-3414,F6,water,push-through,400V 3ph,none,75,100,150,124,270,225,180,150,2,16,A3
23F6A36-3511,F6,air,panel,400V 3ph,none,75,100,150,124,270,225,180,150,4,16,A3
23F6A36-3512,F6,water,panel,400V 3ph,none,75,100,150,124,270,225,180,150,4,16,A3
23F6A36-3513,F6,air,push-through,400V 3ph,none,75,100,150,124,270,225,180,150,4,16,A3
23F6A36-3514,F6,water,push-through,400V 3ph,none,75,100,150,124,270,225,180,150,4,16,A3
23F6A36-3517,F6,oil,push-through,400V 3ph,none,75,100,150,124,270,225,180,150,4,16,A3
23F6A36-3612,F6,water,panel,400V 3ph,none,75,100,150,124,270,225,180,150,8,16,A3
23F6A36-3614,F6,water,push-through,400V 3ph,none,75,100,150,124,270,225,180,150,8,16,A3
23F6K16-3411,F6,air,panel,400V 3ph,none,75,100,150,124,270,225,180,150,2,16,K1
23F6K16-3412,F6,water,panel,400V 3ph,none,75,100,150,124,270,225,180,150,2,16,K1
23F6K16-3413,F6,air,push-through,400V 3ph,none,75,100,150,124,270,225,180,150,2,16,K1
23F6K16-3414,F6,water,push-through,400V 3ph,none,75,100,150,124,270,225,180,150,2,16,K1
23F6K16-3417,F6,oil,push-through,400V 3ph,none,75,100,150,124,270,225,180,150,2,16,K1
23F6K16-3511,F6,air,panel,400V 3ph,none,75,100,150,124,270,225,180,150,4,16,K1
23F6K16-3512,F6,water,panel,400V 3ph,none,75,100,150,124,270,225,180,150,4,16,K1
23F6K16-3513,F6,air,push-through,400V 3ph,none,75,100,150,124,270,225,180,150,4,16,K1
23F6K16-3514,F6,water,push-through,400V 3ph,none,75,100,150,124,270,225,180,150,4,16,K1
23F6K16-3517,F6,oil,push-through,400V 3ph,none,75,100,150,124,270,225,180,150,4,16,K1
23F6K16-3612,F6,water,panel,400V 3ph,none,75,100,150,124,270,225,180,150,8,16,K1
23F6K16-3614,F6,water,push-through,400V 3ph,none,75,100,150,124,270,225,180,150,8,16,K1
23F6P56-3431,F6,air,panel,400V 3ph,none,75,100,150,124,270,225,180,150,2,16,P5-3
23F6P56-3432,F6,water,panel,400V 3ph,none,75,100,150,124,270,225,180,150,2,16,P5-3
23F6P56-3433,F6,air,push-through,400V 3ph,none,75,100,150,124,270,225,180,150,2,16,P5-3
23F6P56-3434,F6,water,push-through,400V 3ph,none,75,100,150,124,270,225,180,150,2,16,P5-3
23F6P56-3441,F6,air,panel,400V 3ph,none,75,100,150,124,270,225,180,150,2,16,P5-4
23F6P56-3442,F6,water,panel,400V 3ph,none,75,100,150,124,270,225,180,150,2,16,P5-4
23F6P56-3443,F6,air,push-through,400V 3ph,none,75,100,150,124,270,225,180,150,2,16,P5-4
23F6P56-3444,F6,water,push-through,400V 3ph,none,75,100,150,124,270,225,180,150,2,16,P5-4
23F6P56-3451,F6,air,panel,400V 3ph,none,75,100,150,124,270,225,180,150,2,16,P5-5
23F6P56-3452,F6,water,panel,400V 3ph,none,75,100,150,124,270,225,180,150,2,16,P5-5
23F6P56-3453,F6,air,push-through,400V 3ph,none,75,100,150,124,270,225,180,150,2,16,P5-5
23F6P56-3454,F6,water,push-through,400V 3ph,none,75,100,150,124,270,225,180,150,2,16,P5-5
23F6P56-3531,F6,air,panel,400V 3ph,none,75,100,150,124,270,225,180,150,4,16,P5-3
23F6P56-3532,F6,water,panel,400V 3ph,none,75,100,150,124,270,225,180,150,4,16,P5-3
23F6P56-3533,F6,air,push-through,400V 3ph,none,75,100,150,124,270,225,180,150,4,16,P5-3
23F6P56-3534,F6,water,push-through,400V 3ph,none,75,100,150,124,270,225,180,150,4,16,P5-3
23F6P56-3541,F6,air,panel,400V 3ph,none,75,100,150,124,270,225,180,150,4,16,P5-4
23F6P56-3542,F6,water,panel,400V 3ph,none,75,100,150,124,270,225,180,150,4,16,P5-4
23F6P56-3543,F6,air,push-through,400V 3ph,none,75,100,150,124,270,225,180,150,4,16,P5-4
23F6P56-3544,F6,water,push-through,400V 3ph,none,75,100,150,124,270,225,180,150,4,16,P5-4
23F6P56-3551,F6,air,panel,400V 3ph,none,75,100,150,124,270,225,180,150,4,16,P5-5
23F6P56-3552,F6,water,panel,400V 3ph,none,75,100,150,124,270,225,180,150,4,16,P5-5
23F6P56-3553,F6,air,push-through,400V 3ph,none,75,100,150,124,270,225,180,150,4,16,P5-5
23F6P56-3554,F6,water,push-through,400V 3ph,none,75,100,150,124,270,225,180,150,4,16,P5-5
23F6P56-3632,F6,water,panel,400V 3ph,none,75,100,150,124,270,225,180,150,8,16,P5-3
23F6P56-3634,F6,water,push-through,400V 3ph,none,75,100,150,124,270,225,180,150,8,16,P5-3
23F6P56-3642,F6,water,panel,400V 3ph,none,75,100,150,124,270,225,180,150,8,16,P5-4
23F6P56-3644,F6,water,push-through,400V 3ph,none,75,100,150,124,270,225,180,150,8,16,P5-4
23F6P56-3652,F6,water,panel,400V 3ph,none,75,100,150,124,270,225,180,150,8,16,P5-5
23F6P56-3654,F6,water,push-through,400V 3ph,none,75,100,150,124,270,225,180,150,8,16,P5-5
24F6A16-3411,F6,air,panel,400V 3ph,none,90,125,180,156,324,270,180,150,2,16,A1
24F6A16-3412,F6,water,panel,400V 3ph,none,90,125,180,156,324,270,180,150,2,16,A1
24F6A16-3413,F6,air,push-through,400V 3ph,none,90,125,180,156,324,270,180,150,2,16,A1
24F6A16-3414,F6,water,push-through,400V 3ph,none,90,125,180,156,324,270,180,150,2,16,A1
24F6A16-3517,F6,oil,push-through,400V 3ph,none,90,125,180,156,324,270,180,150,4,16,A1
24F6A16-3B1E,F6,water,panel (high perf),400V 3ph,none,90,125,180,156,270,225,150,125,8,16,A1
24F6A16-3B1G,F6,water,push-through (high perf),400V 3ph,none,90,125,180,156,270,225,150,125,8,16,A1
24F6A36-3411,F6,air,panel,400V 3ph,none,90,125,180,156,324,270,180,150,2,16,A3
24F6A36-3412,F6,water,panel,400V 3ph,none,90,125,180,156,324,270,180,150,2,16,A3
24F6A36-3413,F6,air,push-through,400V 3ph,none,90,125,180,156,324,270,180,150,2,16,A3
24F6A36-3414,F6,water,push-through,400V 3ph,none,90,125,180,156,324,270,180,150,2,16,A3
24F6A36-3517,F6,oil,push-through,400V 3ph,none,90,125,180,156,324,270,180,150,4,16,A3
24F6A36-3B1E,F6,water,panel (high perf),400V 3ph,none,90,125,180,156,270,225,150,125,8,16,A3
24F6A36-3B1G,F6,water,push-through (high perf),400V 3ph,none,90,125,180,156,270,225,150,125,8,16,A3
24F6K16-3411,F6,air,panel,400V 3ph,none,90,125,180,156,324,270,180,150,2,16,K1
24F6K16-3412,F6,water,panel,400V 3ph,none,90,125,180,156,324,270,180,150,2,16,K1
24F6K16-3413,F6,air,push-through,400V 3ph,none,90,125,180,156,324,270,180,150,2,16,K1
24F6K16-3414,F6,water,push-through,400V 3ph,none,90,125,180,156,324,270,180,150,2,16,K1
24F6K16-3417,F6,oil,push-through,400V 3ph,none,90,125,180,156,324,270,180,150,2,16,K1
24F6K16-3517,F6,oil,push-through,400V 3ph,none,90,125,180,156,324,270,180,150,4,16,K1
24F6P56-3431,F6,air,panel,400V 3ph,none,90,125,180,156,324,270,180,150,2,16,P5-3
24F6P56-3432,F6,water,panel,400V 3ph,none,90,125,180,156,324,270,180,150,2,16,P5-3
24F6P56-3433,F6,air,push-through,400V 3ph,none,90,125,180,156,324,270,180,150,2,16,P5-3
24F6P56-3434,F6,water,push-through,400V 3ph,none,90,125,180,156,324,270,180,150,2,16,P5-3
24F6P56-3441,F6,air,panel,400V 3ph,none,90,125,180,156,324,270,180,150,2,16,P5-4
24F6P56-3442,F6,water,panel,400V 3ph,none,90,125,180,156,324,270,180,150,2,16,P5-4
24F6P56-3443,F6,air,push-through,400V 3ph,none,90,125,180,156,324,270,180,150,2,16,P5-4
24F6P56-3444,F6,water,push-through,400V 3ph,none,90,125,180,156,324,270,180,150,2,16,P5-4
24F6P56-3451,F6,air,panel,400V 3ph,none,90,125,180,156,324,270,180,150,2,16,P5-5
24F6P56-3452,F6,water,panel,400V 3ph,none,90,125,180,156,324,270,180,150,2,16,P5-5
24F6P56-3453,F6,air,push-through,400V 3ph,none,90,125,180,156,324,270,180,150,2,16,P5-5
24F6P56-3454,F6,water,push-through,400V 3ph,none,90,125,180,156,324,270,180,150,2,16,P5-5
24F6P56-3B3E,F6,water,panel (high perf),400V 3ph,none,90,125,180,156,270,225,150,125,8,16,P5-3
24F6P56-3B3G,F6,water,push-through (high perf),400V 3ph,none,90,125,180,156,270,225,150,125,8,16,P5-3
24F6P56-3B4E,F6,water,panel (high perf),400V 3ph,none,90,125,180,156,270,225,150,125,8,16,P5-4
24F6P56-3B4G,F6,water,push-through (high perf),400V 3ph,none,90,125,180,156,270,225,150,125,8,16,P5-4
24F6P56-3B5E,F6,water,panel (high perf),400V 3ph,none,90,125,180,156,270,225,150,125,8,16,P5-5
24F6P56-3B5G,F6,water,push-through (high perf),400V 3ph,none,90,125,180,156,270,225,150,125,8,16,P5-5
25F6A17-3111,F6,air,panel,400V 3ph,none,110,150,210,180,315,262.50,150,125,4,16,A1
25F6A17-3112,F6,water,panel,400V 3ph,none,110,150,210,180,315,262.50,150,125,4,16,A1
25F6A17-3113,F6,air,push-through,400V 3ph,none,110,150,210,180,315,262.50,150,125,4,16,A1
25F6A17-3114,F6,water,push-through,400V 3ph,none,110,150,210,180,315,262.50,150,125,4,16,A1
25F6A17-311E,F6,water,panel (high perf),400V 3ph,none,110,150,210,180,315,262.50,150,125,4,16,A1
25F6A17-311G,F6,water,push-through (high perf),400V 3ph,none,110,150,210,180,315,262.50,150,125,4,16,A1
25F6A37-3111,F6,air,panel,400V 3ph,none,110,150,210,180,315,262.50,150,125,4,16,A3
25F6A37-3112,F6,water,panel,400V 3ph,none,110,150,210,180,315,262.50,150,125,4,16,A3
25F6A37-3113,F6,air,push-through,400V 3ph,none,110,150,210,180,315,262.50,150,125,4,16,A3
25F6A37-3114,F6,water,push-through,400V 3ph,none,110,150,210,180,315,262.50,150,125,4,16,A3
25F6A37-311E,F6,water,panel (high perf),400V 3ph,none,110,150,210,180,315,262.50,150,125,4,16,A3
25F6A37-311G,F6,water,push-through (high perf),400V 3ph,none,110,150,210,180,315,262.50,150,125,4,16,A3
25F6K17-3111,F6,air,panel,400V 3ph,none,110,150,210,180,315,262.50,150,125,4,16,K1
25F6K17-3112,F6,water,panel,400V 3ph,none,110,150,210,180,315,262.50,150,125,4,16,K1
25F6K17-3113,F6,air,push-through,400V 3ph,none,110,150,210,180,315,262.50,150,125,4,16,K1
25F6K17-3114,F6,water,push-through,400V 3ph,none,110,150,210,180,315,262.50,150,125,4,16,K1
25F6K17-311E,F6,water,panel (high perf),400V 3ph,none,110,150,210,180,315,262.50,150,125,4,16,K1
25F6K17-311G,F6,water,push-through (high perf),400V 3ph,none,110,150,210,180,315,262.50,150,125,4,16,K1
25F6P57-3131,F6,air,panel,400V 3ph,none,110,150,210,180,315,262.50,150,125,4,16,P5-3
25F6P57-3132,F6,water,panel,400V 3ph,none,110,150,210,180,315,262.50,150,125,4,16,P5-3
25F6P57-3133,F6,air,push-through,400V 3ph,none,110,150,210,180,315,262.50,150,125,4,16,P5-3
25F6P57-3134,F6,water,push-through,400V 3ph,none,110,150,210,180,315,262.50,150,125,4,16,P5-3
25F6P57-313E,F6,water,panel (high perf),400V 3ph,none,110,150,210,180,315,262.50,150,125,4,16,P5-3
25F6P57-313G,F6,water,push-through (high perf),400V 3ph,none,110,150,210,180,315,262.50,150,125,4,16,P5-3
25F6P57-3141,F6,air,panel,400V 3ph,none,110,150,210,180,315,262.50,150,125,4,16,P5-4
25F6P57-3142,F6,water,panel,400V 3ph,none,110,150,210,180,315,262.50,150,125,4,16,P5-4
25F6P57-3143,F6,air,push-through,400V 3ph,none,110,150,210,180,315,262.50,150,125,4,16,P5-4
25F6P57-3144,F6,water,push-through,400V 3ph,none,110,150,210,180,315,262.50,150,125,4,16,P5-4
25F6P57-314E,F6,water,panel (high perf),400V 3ph,none,110,150,210,180,315,262.50,150,125,4,16,P5-4
25F6P57-314G,F6,water,push-through (high perf),400V 3ph,none,110,150,210,180,315,262.50,150,125,4,16,P5-4
25F6P57-3151,F6,air,panel,400V 3ph,none,110,150,210,180,315,262.50,150,125,4,16,P5-5
25F6P57-3152,F6,water,panel,400V 3ph,none,110,150,210,180,315,262.50,150,125,4,16,P5-5
25F6P57-3153,F6,air,push-through,400V 3ph,none,110,150,210,180,315,262.50,150,125,4,16,P5-5
25F6P57-3154,F6,water,push-through,400V 3ph,none,110,150,210,180,315,262.50,150,125,4,16,P5-5
25F6P57-315E,F6,water,panel (high perf),400V 3ph,none,110,150,210,180,315,262.50,150,125,4,16,P5-5
25F6P57-315G,F6,water,push-through (high perf),400V 3ph,none,110,150,210,180,315,262.50,150,125,4,16,P5-5
26F6A17-3111,F6,air,panel,400V 3ph,none,132,175,250,210,375,312.50,150,125,4,16,A1
26F6A17-3112,F6,water,panel,400V 3ph,none,132,175,250,210,375,312.50,150,125,4,16,A1
26F6A17-3113,F6,air,push-through,400V 3ph,none,132,175,250,210,375,312.50,150,125,4,16,A1
26F6A17-3114,F6,water,push-through,400V 3ph,none,132,175,250,210,375,312.50,150,125,4,16,A1
26F6A17-3B1D,F6,air,panel (high perf),400V 3ph,none,132,175,250,210,337.50,265,135,106,8,16,A1
26F6A17-3B1E,F6,water,panel (high perf),400V 3ph,none,132,175,250,210,375,312.50,150,125,8,16,A1
26F6A17-3B1G,F6,water,push-through (high perf),400V 3ph,none,132,175,250,210,375,312.50,150,125,8,16,A1
26F6A37-3111,F6,air,panel,400V 3ph,none,132,175,250,210,375,312.50,150,125,4,16,A3
26F6A37-3112,F6,water,panel,400V 3ph,none,132,175,250,210,375,312.50,150,125,4,16,A3
26F6A37-3113,F6,air,push-through,400V 3ph,none,132,175,250,210,375,312.50,150,125,4,16,A3
26F6A37-3114,F6,water,push-through,400V 3ph,none,132,175,250,210,375,312.50,150,125,4,16,A3
26F6A37-3B1D,F6,air,panel (high perf),400V 3ph,none,132,175,250,210,337.50,265,135,106,8,16,A3
26F6A37-3B1E,F6,water,panel (high perf),400V 3ph,none,132,175,250,210,375,312.50,150,125,8,16,A3
26F6A37-3B1G,F6,water,push-through (high perf),400V 3ph,none,132,175,250,210,375,312.50,150,125,8,16,A3
26F6K17-3111,F6,air,panel,400V 3ph,none,132,175,250,210,375,312.50,150,125,4,16,K1
26F6K17-3112,F6,water,panel,400V 3ph,none,132,175,250,210,375,312.50,150,125,4,16,K1
26F6K17-3113,F6,air,push-through,400V 3ph,none,132,175,250,210,375,312.50,150,125,4,16,K1
26F6K17-3114,F6,water,push-through,400V 3ph,none,132,175,250,210,375,312.50,150,125,4,16,K1
26F6P57-3131,F6,air,panel,400V 3ph,none,132,175,250,210,375,312.50,150,125,4,16,P5-3
26F6P57-3132,F6,water,panel,400V 3ph,none,132,175,250,210,375,312.50,150,125,4,16,P5-3
26F6P57-3133,F6,air,push-through,400V 3ph,none,132,175,250,210,375,312.50,150,125,4,16,P5-3
26F6P57-3134,F6,water,push-through,400V 3ph,none,132,175,250,210,375,312.50,150,125,4,16,P5-3
26F6P57-3141,F6,air,panel,400V 3ph,none,132,175,250,210,375,312.50,150,125,4,16,P5-4
26F6P57-3142,F6,water,panel,400V 3ph,none,132,175,250,210,375,312.50,150,125,4,16,P5-4
26F6P57-3143,F6,air,push-through,400V 3ph,none,132,175,250,210,375,312.50,150,125,4,16,P5-4
26F6P57-3144,F6,water,push-through,400V 3ph,none,132,175,250,210,375,312.50,150,125,4,16,P5-4
26F6P57-3151,F6,air,panel,400V 3ph,none,132,175,250,210,375,312.50,150,125,4,16,P5-5
26F6P57-3152,F6,water,panel,400V 3ph,none,132,175,250,210,375,312.50,150,125,4,16,P5-5
26F6P57-3153,F6,air,push-through,400V 3ph,none,132,175,250,210,375,312.50,150,125,4,16,P5-5
26F6P57-3154,F6,water,push-through,400V 3ph,none,132,175,250,210,375,312.50,150,125,4,16,P5-5
26F6P57-3B3D,F6,air,panel (high perf),400V 3ph,none,132,175,250,210,337.50,265,135,106,8,16,P5-3
26F6P57-3B3E,F6,water,panel (high perf),400V 3ph,none,132,175,250,210,375,312.50,150,125,8,16,P5-3
26F6P57-3B3G,F6,water,push-through (high perf),400V 3ph,none,132,175,250,210,375,312.50,150,125,8,16,P5-3
26F6P57-3B4D,F6,air,panel (high perf),400V 3ph,none,132,175,250,210,337.50,265,135,106,8,16,P5-4
26F6P57-3B4E,F6,water,panel (high perf),400V 3ph,none,132,175,250,210,375,312.50,150,125,8,16,P5-4
26F6P57-3B4G,F6,water,push-through (high perf),400V 3ph,none,132,175,250,210,375,312.50,150,125,8,16,P5-4
26F6P57-3B5D,F6,air,panel (high perf),400V 3ph,none,132,175,250,210,337.50,265,135,106,8,16,P5-5
26F6P57-3B5E,F6,water,panel (high perf),400V 3ph,none,132,175,250,210,375,312.50,150,125,8,16,P5-5
26F6P57-3B5G,F6,water,push-through (high perf),400V 3ph,none,132,175,250,210,375,312.50,150,125,8,16,P5-5
27F6A17-3011,F6,air,panel,400V 3ph,none,160,200,300,240,450,375,150,125,2,16,A1
27F6A17-3012,F6,water,panel,400V 3ph,none,160,200,300,240,450,375,150,125,2,16,A1
27F6A17-3013,F6,air,push-through,400V 3ph,none,160,200,300,240,450,375,150,125,2,16,A1
27F6A17-3014,F6,water,push-through,400V 3ph,none,160,200,300,240,450,375,150,125,2,16,A1
27F6A17-3C1D,F6,air,panel (high perf),400V 3ph,none,160,200,300,260,405,318,135,106,6,16,A1
27F6A37-3011,F6,air,panel,400V 3ph,none,160,200,300,240,450,375,150,125,2,16,A3
27F6A37-3012,F6,water,panel,400V 3ph,none,160,200,300,240,450,375,150,125,2,16,A3
27F6A37-3013,F6,air,push-through,400V 3ph,none,160,200,300,240,450,375,150,125,2,16,A3
27F6A37-3014,F6,water,push-through,400V 3ph,none,160,200,300,240,450,375,150,125,2,16,A3
27F6A37-3C1D,F6,air,panel (high perf),400V 3ph,none,160,200,300,260,405,318,135,106,6,16,A3
27F6K17-3011,F6,air,panel,400V 3ph,none,160,200,300,240,450,375,150,125,2,16,K1
27F6K17-3012,F6,water,panel,400V 3ph,none,160,200,300,240,450,375,150,125,2,16,K1
27F6K17-3013,F6,air,push-through,400V 3ph,none,160,200,300,240,450,375,150,125,2,16,K1
27F6K17-3014,F6,water,push-through,400V 3ph,none,160,200,300,240,450,375,150,125,2,16,K1
27F6P57-3031,F6,air,panel,400V 3ph,none,160,200,300,240,450,375,150,125,2,16,P5-3
27F6P57-3032,F6,water,panel,400V 3ph,none,160,200,300,240,450,375,150,125,2,16,P5-3
27F6P57-3033,F6,air,push-through,400V 3ph,none,160,200,300,240,450,375,150,125,2,16,P5-3
27F6P57-3034,F6,water,push-through,400V 3ph,none,160,200,300,240,450,375,150,125,2,16,P5-3
27F6P57-3041,F6,air,panel,400V 3ph,none,160,200,300,240,450,375,150,125,2,16,P5-4
27F6P57-3042,F6,water,panel,400V 3ph,none,160,200,300,240,450,375,150,125,2,16,P5-4
27F6P57-3043,F6,air,push-through,400V 3ph,none,160,200,300,240,450,375,150,125,2,16,P5-4
27F6P57-3044,F6,water,push-through,400V 3ph,none,160,200,300,240,450,375,150,125,2,16,P5-4
27F6P57-3051,F6,air,panel,400V 3ph,none,160,200,300,240,450,375,150,125,2,16,P5-5
27F6P57-3052,F6,water,panel,400V 3ph,none,160,200,300,240,450,375,150,125,2,16,P5-5
27F6P57-3053,F6,air,push-through,400V 3ph,none,160,200,300,240,450,375,150,125,2,16,P5-5
27F6P57-3054,F6,water,push-through,400V 3ph,none,160,200,300,240,450,375,150,125,2,16,P5-5
27F6P57-3C3D,F6,air,panel (high perf),400V 3ph,none,160,200,300,260,405,318,135,106,6,16,P5-3
27F6P57-3C4D,F6,air,panel (high perf),400V 3ph,none,160,200,300,260,405,318,135,106,6,16,P5-4
27F6P57-3C5D,F6,air,panel (high perf),400V 3ph,none,160,200,300,260,405,318,135,106,6,16,P5-5
28F6A17-3011,F6,air,panel,400V 3ph,none,200,250,370,325,555,462.50,150,125,2,16,A1
28F6A17-3012,F6,water,panel,400V 3ph,none,200,250,370,302,555,462.50,150,125,2,16,A1
28F6A17-3013,F6,air,push-through,400V 3ph,none,200,250,370,325,555,462.50,150,125,2,16,A1
28F6A17-3014,F6,water,push-through,400V 3ph,none,200,250,370,302,555,462.50,150,125,2,16,A1
28F6A17-3B1E,F6,water,panel (high perf),400V 3ph,none,200,250,370,325,499.50,392.20,135,106,8,16,A1
28F6A17-3B1G,F6,water,push-through (high perf),400V 3ph,none,200,250,370,325,499.50,392.20,135,106,8,16,A1
28F6A37-3011,F6,air,panel,400V 3ph,none,200,250,370,325,555,462.50,150,125,2,16,A3
28F6A37-3012,F6,water,panel,400V 3ph,none,200,250,370,302,555,462.50,150,125,2,16,A3
28F6A37-3013,F6,air,push-through,400V 3ph,none,200,250,370,325,555,462.50,150,125,2,16,A3
28F6A37-3014,F6,water,push-through,400V 3ph,none,200,250,370,302,555,462.50,150,125,2,16,A3
28F6A37-3B1E,F6,water,panel (high perf),400V 3ph,none,200,250,370,325,499.50,392.20,135,106,8,16,A3
28F6A37-3B1G,F6,water,push-through (high perf),400V 3ph,none,200,250,370,325,499.50,392.20,135,106,8,16,A3
28F6K17-3011,F6,air,panel,400V 3ph,none,200,250,370,325,555,462.50,150,125,2,16,K1
28F6K17-3012,F6,water,panel,400V 3ph,none,200,250,370,302,555,462.50,150,125,2,16,K1
28F6K17-3013,F6,air,push-through,400V 3ph,none,200,250,370,325,555,462.50,150,125,2,16,K1
28F6K17-3014,F6,water,push-through,400V 3ph,none,200,250,370,302,555,462.50,150,125,2,16,K1
28F6P57-3031,F6,air,panel,400V 3ph,none,200,250,370,325,555,462.50,150,125,2,16,P5-3
28F6P57-3032,F6,water,panel,400V 3ph,none,200,250,370,302,555,462.50,150,125,2,16,P5-3
28F6P57-3033,F6,air,push-through,400V 3ph,none,200,250,370,325,555,462.50,150,125,2,16,P5-3
28F6P57-3034,F6,water,push-through,400V 3ph,none,200,250,370,302,555,462.50,150,125,2,16,P5-3
28F6P57-3041,F6,air,panel,400V 3ph,none,200,250,370,325,555,462.50,150,125,2,16,P5-4
28F6P57-3042,F6,water,panel,400V 3ph,none,200,250,370,302,555,462.50,150,125,2,16,P5-4
28F6P57-3043,F6,air,push-through,400V 3ph,none,200,250,370,325,555,462.50,150,125,2,16,P5-4
28F6P57-3044,F6,water,push-through,400V 3ph,none,200,250,370,302,555,462.50,150,125,2,16,P5-4
28F6P57-3051,F6,air,panel,400V 3ph,none,200,250,370,325,555,462.50,150,125,2,16,P5-5
28F6P57-3052,F6,water,panel,400V 3ph,none,200,250,370,302,555,462.50,150,125,2,16,P5-5
28F6P57-3053,F6,air,push-through,400V 3ph,none,200,250,370,325,555,462.50,150,125,2,16,P5-5
28F6P57-3054,F6,water,push-through,400V 3ph,none,200,250,370,302,555,462.50,150,125,2,16,P5-5
28F6P57-3B3E,F6,water,panel (high perf),400V 3ph,none,200,250,370,325,499.50,392.20,135,106,8,16,P5-3
28F6P57-3B3G,F6,water,push-through (high perf),400V 3ph,none,200,250,370,325,499.50,392.20,135,106,8,16,P5-3
28F6P57-3B4E,F6,water,panel (high perf),400V 3ph,none,200,250,370,325,499.50,392.20,135,106,8,16,P5-4
28F6P57-3B4G,F6,water,push-through (high perf),400V 3ph,none,200,250,370,325,499.50,392.20,135,106,8,16,P5-4
28F6P57-3B5E,F6,water,panel (high perf),400V 3ph,none,200,250,370,325,499.50,392.20,135,106,8,16,P5-5
28F6P57-3B5G,F6,water,push-through (high perf),400V 3ph,none,200,250,370,325,499.50,392.20,135,106,8,16,P5-5
28F6A18-3111,F6,air,panel,400V 3ph,none,200,250,370,325,555,462.50,150,125,4,8,A1
28F6A18-3112,F6,water,panel,400V 3ph,none,200,250,370,325,555,462.50,150,125,4,8,A1
28F6A18-3113,F6,air,push-through,400V 3ph,none,200,250,370,325,555,462.50,150,125,4,8,A1
28F6A18-3114,F6,water,push-through,400V 3ph,none,200,250,370,325,555,462.50,150,125,4,8,A1
28F6A18-3C11,F6,air,panel,400V 3ph,none,200,250,370,325,499.50,407.00,135,110,6,8,A1
28F6A38-3111,F6,air,panel,400V 3ph,none,200,250,370,325,555,462.50,150,125,4,8,A3
28F6A38-3112,F6,water,panel,400V 3ph,none,200,250,370,325,555,462.50,150,125,4,8,A3
28F6A38-3113,F6,air,push-through,400V 3ph,none,200,250,370,325,555,462.50,150,125,4,8,A3
28F6A38-3114,F6,water,push-through,400V 3ph,none,200,250,370,325,555,462.50,150,125,4,8,A3
28F6A38-3C11,F6,air,panel,400V 3ph,none,200,250,370,325,499.50,407.00,135,110,6,8,A3
28F6K18-3111,F6,air,panel,400V 3ph,none,200,250,370,325,555,462.50,150,125,4,8,K1
28F6K18-3112,F6,water,panel,400V 3ph,none,200,250,370,325,555,462.50,150,125,4,8,K1
28F6K18-3113,F6,air,push-through,400V 3ph,none,200,250,370,325,555,462.50,150,125,4,8,K1
28F6K18-3114,F6,water,push-through,400V 3ph,none,200,250,370,325,555,462.50,150,125,4,8,K1
28F6P58-3131,F6,air,panel,400V 3ph,none,200,250,370,325,555,462.50,150,125,4,8,P5-3
28F6P58-3132,F6,water,panel,400V 3ph,none,200,250,370,325,555,462.50,150,125,4,8,P5-3
28F6P58-3133,F6,air,push-through,400V 3ph,none,200,250,370,325,555,462.50,150,125,4,8,P5-3
28F6P58-3134,F6,water,push-through,400V 3ph,none,200,250,370,325,555,462.50,150,125,4,8,P5-3
28F6P58-3141,F6,air,panel,400V 3ph,none,200,250,370,325,555,462.50,150,125,4,8,P5-4
28F6P58-3142,F6,water,panel,400V 3ph,none,200,250,370,325,555,462.50,150,125,4,8,P5-4
28F6P58-3143,F6,air,push-through,400V 3ph,none,200,250,370,325,555,462.50,150,125,4,8,P5-4
28F6P58-3144,F6,water,push-through,400V 3ph,none,200,250,370,325,555,462.50,150,125,4,8,P5-4
28F6P58-3151,F6,air,panel,400V 3ph,none,200,250,370,325,555,462.50,150,125,4,8,P5-5
28F6P58-3152,F6,water,panel,400V 3ph,none,200,250,370,325,555,462.50,150,125,4,8,P5-5
28F6P58-3153,F6,air,push-through,400V 3ph,none,200,250,370,325,555,462.50,150,125,4,8,P5-5
28F6P58-3154,F6,water,push-through,400V 3ph,none,200,250,370,325,555,462.50,150,125,4,8,P5-5
28F6P58-3C31,F6,air,panel,400V 3ph,none,200,250,370,325,499.50,407.00,135,110,6,8,P5-3
28F6P58-3C41,F6,air,panel,400V 3ph,none,200,250,370,325,499.50,407.00,135,110,6,8,P5-4
28F6P58-3C51,F6,air,panel,400V 3ph,none,200,250,370,325,499.50,407.00,135,110,6,8,P5-5
29F6A18-3011,F6,air,panel,400V 3ph,none,250,300,460,400,690,575,150,125,2,8,A1
29F6A18-3012,F6,water,panel,400V 3ph,none,250,300,460,400,690,575,150,125,2,8,A1
29F6A18-3013,F6,air,push-through,400V 3ph,none,250,300,460,400,690,575,150,125,2,8,A1
29F6A18-3014,F6,water,push-through,400V 3ph,none,250,300,460,400,690,575,150,125,2,8,A1
29F6A18-3B1E,F6,water,panel (high perf),400V 3ph,none,250,300,460,400,690,487.60,150,106,8,8,A1
29F6A18-3B1G,F6,water,push-through (high perf),400V 3ph,none,250,300,460,400,690,487.60,150,106,8,8,A1
29F6A38-3011,F6,air,panel,400V 3ph,none,250,300,460,400,690,575,150,125,2,8,A3
29F6A38-3012,F6,water,panel,400V 3ph,none,250,300,460,400,690,575,150,125,2,8,A3
29F6A38-3013,F6,air,push-through,400V 3ph,none,250,300,460,400,690,575,150,125,2,8,A3
29F6A38-3014,F6,water,push-through,400V 3ph,none,250,300,460,400,690,575,150,125,2,8,A3
29F6A38-3B1E,F6,water,panel (high perf),400V 3ph,none,250,300,460,400,690,487.60,150,106,8,8,A3
29F6A38-3B1G,F6,water,push-through (high perf),400V 3ph,none,250,300,460,400,690,487.60,150,106,8,8,A3
29F6K18-3011,F6,air,panel,400V 3ph,none,250,300,460,400,690,575,150,125,2,8,K1
29F6K18-3012,F6,water,panel,400V 3ph,none,250,300,460,400,690,575,150,125,2,8,K1
29F6K18-3013,F6,air,push-through,400V 3ph,none,250,300,460,400,690,575,150,125,2,8,K1
29F6K18-3014,F6,water,push-through,400V 3ph,none,250,300,460,400,690,575,150,125,2,8,K1
29F6P58-3031,F6,air,panel,400V 3ph,none,250,300,460,400,690,575,150,125,2,8,P5-3
29F6P58-3032,F6,water,panel,400V 3ph,none,250,300,460,400,690,575,150,125,2,8,P5-3
29F6P58-3033,F6,air,push-through,400V 3ph,none,250,300,460,400,690,575,150,125,2,8,P5-3
29F6P58-3034,F6,water,push-through,400V 3ph,none,250,300,460,400,690,575,150,125,2,8,P5-3
29F6P58-3041,F6,air,panel,400V 3ph,none,250,300,460,400,690,575,150,125,2,8,P5-4
29F6P58-3042,F6,water,panel,400V 3ph,none,250,300,460,400,690,575,150,125,2,8,P5-4
29F6P58-3043,F6,air,push-through,400V 3ph,none,250,300,460,400,690,575,150,125,2,8,P5-4
29F6P58-3044,F6,water,push-through,400V 3ph,none,250,300,460,400,690,575,150,125,2,8,P5-4
29F6P58-3051,F6,air,panel,400V 3ph,none,250,300,460,400,690,575,150,125,2,8,P5-5
29F6P58-3052,F6,water,panel,400V 3ph,none,250,300,460,400,690,575,150,125,2,8,P5-5
29F6P58-3053,F6,air,push-through,400V 3ph,none,250,300,460,400,690,575,150,125,2,8,P5-5
29F6P58-3054,F6,water,push-through,400V 3ph,none,250,300,460,400,690,575,150,125,2,8,P5-5
29F6P58-3B3E,F6,water,panel (high perf),400V 3ph,none,250,300,460,400,690,487.60,150,106,8,8,P5-3
29F6P58-3B3G,F6,water,push-through (high perf),400V 3ph,none,250,300,460,400,690,487.60,150,106,8,8,P5-3
29F6P58-3B4E,F6,water,panel (high perf),400V 3ph,none,250,300,460,400,690,487.60,150,106,8,8,P5-4
29F6P58-3B4G,F6,water,push-through (high perf),400V 3ph,none,250,300,460,400,690,487.60,150,106,8,8,P5-4
29F6P58-3B5E,F6,water,panel (high perf),400V 3ph,none,250,300,460,400,690,487.60,150,106,8,8,P5-5
29F6P58-3B5G,F6,water,push-through (high perf),400V 3ph,none,250,300,460,400,690,487.60,150,106,8,8,P5-5
30F6A18-3011,F6,air,panel,400V 3ph,none,315,400,570,495,855,712.50,150,125,2,8,A1
30F6A18-3013,F6,air,push-through,400V 3ph,none,315,400,570,495,855,712.50,150,125,2,8,A1
30F6A18-3112,F6,water,panel,400V 3ph,none,315,400,570,495,855,712.50,150,125,4,8,A1
30F6A18-3114,F6,water,push-through,400V 3ph,none,315,400,570,495,855,712.50,150,125,4,8,A1
30F6A18-3412,F6,water,panel,400V 3ph,none,315,400,570,495,1026,855,180,150,2,8,A1
30F6A18-3414,F6,water,push-through,400V 3ph,none,315,400,570,495,1026,855,180,150,2,8,A1
30F6A18-3C1E,F6,water,panel (high perf),400V 3ph,none,315,400,570,495,855,604.20,150,106,6,8,A1
30F6A18-3C1G,F6,water,push-through (high perf),400V 3ph,none,315,400,570,495,855,604.20,150,106,6,8,A1
30F6A38-3011,F6,air,panel,400V 3ph,none,315,400,570,495,855,712.50,150,125,2,8,A3
30F6A38-3013,F6,air,push-through,400V 3ph,none,315,400,570,495,855,712.50,150,125,2,8,A3
30F6A38-3112,F6,water,panel,400V 3ph,none,315,400,570,495,855,712.50,150,125,4,8,A3
30F6A38-3114,F6,water,push-through,400V 3ph,none,315,400,570,495,855,712.50,150,125,4,8,A3
30F6A38-3412,F6,water,panel,400V 3ph,none,315,400,570,495,1026,855,180,150,2,8,A3
30F6A38-3414,F6,water,push-through,400V 3ph,none,315,400,570,495,1026,855,180,150,2,8,A3
30F6A38-3C1E,F6,water,panel (high perf),400V 3ph,none,315,400,570,495,855,604.20,150,106,6,8,A3
30F6A38-3C1G,F6,water,push-through (high perf),400V 3ph,none,315,400,570,495,855,604.20,150,106,6,8,A3
30F6K18-3011,F6,air,panel,400V 3ph,none,315,400,570,495,855,712.50,150,125,2,8,K1
30F6K18-3013,F6,air,push-through,400V 3ph,none,315,400,570,495,855,712.50,150,125,2,8,K1
30F6K18-3112,F6,water,panel,400V 3ph,none,315,400,570,495,855,712.50,150,125,4,8,K1
30F6K18-3114,F6,water,push-through,400V 3ph,none,315,400,570,495,855,712.50,150,125,4,8,K1
30F6K18-3412,F6,water,panel,400V 3ph,none,315,400,570,495,1026,855,180,150,2,8,K1
30F6K18-3414,F6,water,push-through,400V 3ph,none,315,400,570,495,1026,855,180,150,2,8,K1
30F6P58-3031,F6,air,panel,400V 3ph,none,315,400,570,495,855,712.50,150,125,2,8,P5-3
30F6P58-3033,F6,air,push-through,400V 3ph,none,315,400,570,495,855,712.50,150,125,2,8,P5-3
30F6P58-3041,F6,air,panel,400V 3ph,none,315,400,570,495,855,712.50,150,125,2,8,P5-4
30F6P58-3043,F6,air,push-through,400V 3ph,none,315,400,570,495,855,712.50,150,125,2,8,P5-4
30F6P58-3051,F6,air,panel,400V 3ph,none,315,400,570,495,855,712.50,150,125,2,8,P5-5
30F6P58-3053,F6,air,push-through,400V 3ph,none,315,400,570,495,855,712.50,150,125,2,8,P5-5
30F6P58-3142,F6,water,panel,400V 3ph,none,315,400,570,495,855,712.50,150,125,4,8,P5-4
30F6P58-3144,F6,water,push-through,400V 3ph,none,315,400,570,495,855,712.50,150,125,4,8,P5-4
30F6P58-3152,F6,water,panel,400V 3ph,none,315,400,570,495,855,712.50,150,125,4,8,P5-5
30F6P58-3154,F6,water,push-through,400V 3ph,none,315,400,570,495,855,712.50,150,125,4,8,P5-5
30F6P58-3432,F6,water,panel,400V 3ph,none,315,400,570,495,1026,855,180,150,2,8,P5-3
30F6P58-3434,F6,water,push-through,400V 3ph,none,315,400,570,495,1026,855,180,150,2,8,P5-3
30F6P58-3442,F6,water,panel,400V 3ph,none,315,400,570,495,1026,855,180,150,2,8,P5-4
30F6P58-3444,F6,water,push-through,400V 3ph,none,315,400,570,495,1026,855,180,150,2,8,P5-4
30F6P58-3452,F6,water,panel,400V 3ph,none,315,400,570,495,1026,855,180,150,2,8,P5-5
30F6P58-3454,F6,water,push-through,400V 3ph,none,315,400,570,495,1026,855,180,150,2,8,P5-5
30F6P58-3C3E,F6,water,panel (high perf),400V 3ph,none,315,400,570,495,855,604.20,150,106,6,8,P5-3
30F6P58-3C3G,F6,water,push-through (high perf),400V 3ph,none,315,400,570,495,855,604.20,150,106,6,8,P5-3
30F6P58-3C4E,F6,water,panel (high perf),400V 3ph,none,315,400,570,495,855,604.20,150,106,6,8,P5-4
30F6P58-3C4G,F6,water,push-through (high perf),400V 3ph,none,315,400,570,495,855,604.20,150,106,6,8,P5-4
30F6P58-3C5E,F6,water,panel (high perf),400V 3ph,none,315,400,570,495,855,604.20,150,106,6,8,P5-5
30F6P58-3C5G,F6,water,push-through (high perf),400V 3ph,none,315,400,570,495,855,604.20,150,106,6,8,P5-5
30F6A19-3B1E,F6,water,panel (high perf),400V 3ph,none,315,400,570,495,855,712.50,150,125,8,8,A1
30F6A19-3B1G,F6,water,push-through (high perf),400V 3ph,none,315,400,570,495,855,712.50,150,125,8,8,A1
30F6A19-3C11,F6,air,panel,400V 3ph,none,315,400,570,495,769.50,655.50,135,115,6,8,A1
30F6A39-3B1E,F6,water,panel (high perf),400V 3ph,none,315,400,570,495,855,712.50,150,125,8,8,A3
30F6A39-3B1G,F6,water,push-through (high perf),400V 3ph,none,315,400,570,495,855,712.50,150,125,8,8,A3
30F6A39-3C11,F6,air,panel,400V 3ph,none,315,400,570,495,769.50,655.50,135,115,6,8,A3
30F6P59-3B3E,F6,water,panel (high perf),400V 3ph,none,315,400,570,495,855,712.50,150,125,8,8,P5-3
30F6P59-3B3G,F6,water,push-through (high perf),400V 3ph,none,315,400,570,495,855,712.50,150,125,8,8,P5-3
30F6P59-3B4E,F6,water,panel (high perf),400V 3ph,none,315,400,570,495,855,712.50,150,125,8,8,P5-4
30F6P59-3B4G,F6,water,push-through (high perf),400V 3ph,none,315,400,570,495,855,712.50,150,125,8,8,P5-4
30F6P59-3B5E,F6,water,panel (high perf),400V 3ph,none,315,400,570,495,855,712.50,150,125,8,8,P5-5
30F6P59-3B5G,F6,water,push-through (high perf),400V 3ph,none,315,400,570,495,855,712.50,150,125,8,8,P5-5
30F6P59-3C31,F6,air,panel,400V 3ph,none,315,400,570,495,769.50,655.50,135,115,6,8,P5-3
30F6P59-3C41,F6,air,panel,400V 3ph,none,315,400,570,495,769.50,655.50,135,115,6,8,P5-4
30F6P59-3C51,F6,air,panel,400V 3ph,none,315,400,570,495,769.50,655.50,135,115,6,8,P5-5
31F6A19-3011,F6,air,panel,400V 3ph,none,355,450,630,545,945,787.50,150,125,2,4,A1
31F6A19-3012,F6,water,panel,400V 3ph,none,355,450,630,545,945,787.50,150,125,2,4,A1
31F6A19-3013,F6,air,push-through,400V 3ph,none,355,450,630,545,945,787.50,150,125,2,4,A1
31F6A19-3014,F6,water,push-through,400V 3ph,none,355,450,630,545,945,787.50,150,125,2,4,A1
31F6A19-3B1E,F6,water,panel (high perf),400V 3ph,none,355,450,630,545,945,787.50,150,125,8,8,A1
31F6A19-3B1G,F6,water,push-through (high perf),400V 3ph,none,355,450,630,545,945,787.50,150,125,8,8,A1
31F6A19-3C11,F6,air,panel,400V 3ph,none,355,450,630,545,787.50,667.80,125,106,6,8,A1
31F6A39-3011,F6,air,panel,400V 3ph,none,355,450,630,545,945,787.50,150,125,2,4,A3
31F6A39-3012,F6,water,panel,400V 3ph,none,355,450,630,545,945,787.50,150,125,2,4,A3
31F6A39-3013,F6,air,push-through,400V 3ph,none,355,450,630,545,945,787.50,150,125,2,4,A3
31F6A39-3014,F6,water,push-through,400V 3ph,none,355,450,630,545,945,787.50,150,125,2,4,A3
31F6A39-3B1E,F6,water,panel (high perf),400V 3ph,none,355,450,630,545,945,787.50,150,125,8,8,A3
31F6A39-3B1G,F6,water,push-through (high perf),400V 3ph,none,355,450,630,545,945,787.50,150,125,8,8,A3
31F6A39-3C11,F6,air,panel,400V 3ph,none,355,450,630,545,787.50,667.80,125,106,6,8,A3
31F6K19-3011,F6,air,panel,400V 3ph,none,355,450,630,545,945,787.50,150,125,2,4,K1
31F6K19-3012,F6,water,panel,400V 3ph,none,355,450,630,545,945,787.50,150,125,2,4,K1
31F6K19-3013,F6,air,push-through,400V 3ph,none,355,450,630,545,945,787.50,150,125,2,4,K1
31F6K19-3014,F6,water,push-through,400V 3ph,none,355,450,630,545,945,787.50,150,125,2,4,K1
31F6P59-3031,F6,air,panel,400V 3ph,none,355,450,630,545,945,787.50,150,125,2,4,P5-3
31F6P59-3032,F6,water,panel,400V 3ph,none,355,450,630,545,945,787.50,150,125,2,4,P5-3
31F6P59-3033,F6,air,push-through,400V 3ph,none,355,450,630,545,945,787.50,150,125,2,4,P5-3
31F6P59-3034,F6,water,push-through,400V 3ph,none,355,450,630,545,945,787.50,150,125,2,4,P5-3
31F6P59-3041,F6,air,panel,400V 3ph,none,355,450,630,545,945,787.50,150,125,2,4,P5-4
31F6P59-3042,F6,water,panel,400V 3ph,none,355,450,630,545,945,787.50,150,125,2,4,P5-4
31F6P59-3043,F6,air,push-through,400V 3ph,none,355,450,630,545,945,787.50,150,125,2,4,P5-4
31F6P59-3044,F6,water,push-through,400V 3ph,none,355,450,630,545,945,787.50,150,125,2,4,P5-4
31F6P59-3051,F6,air,panel,400V 3ph,none,355,450,630,545,945,787.50,150,125,2,4,P5-5
31F6P59-3052,F6,water,panel,400V 3ph,none,355,450,630,545,945,787.50,150,125,2,4,P5-5
31F6P59-3053,F6,air,push-through,400V 3ph,none,355,450,630,545,945,787.50,150,125,2,4,P5-5
31F6P59-3054,F6,water,push-through,400V 3ph,none,355,450,630,545,945,787.50,150,125,2,4,P5-5
31F6P59-3B3E,F6,water,panel (high perf),400V 3ph,none,355,450,630,545,945,787.50,150,125,8,8,P5-3
31F6P59-3B3G,F6,water,push-through (high perf),400V 3ph,none,355,450,630,545,945,787.50,150,125,8,8,P5-3
31F6P59-3B4E,F6,water,panel (high perf),400V 3ph,none,355,450,630,545,945,787.50,150,125,8,8,P5-4
31F6P59-3B4G,F6,water,push-through (high perf),400V 3ph,none,355,450,630,545,945,787.50,150,125,8,8,P5-4
31F6P59-3B5E,F6,water,panel (high perf),400V 3ph,none,355,450,570,495,855,712.50,150,125,8,8,P5-5
31F6P59-3B5G,F6,water,push-through (high perf),400V 3ph,none,355,450,630,545,945,787.50,150,125,8,8,P5-5
31F6P59-3C31,F6,air,panel,400V 3ph,none,355,450,630,545,787.50,667.80,125,106,6,8,P5-3
31F6P59-3C41,F6,air,panel,400V 3ph,none,355,450,630,545,787.50,667.80,125,106,6,8,P5-4
31F6P59-3C51,F6,air,panel,400V 3ph,none,355,450,630,545,787.50,667.80,125,106,6,8,P5-5
32F6A19-3011,F6,air,panel,400V 3ph,none,400,500,710,615,1065,887.50,150,125,2,4,A1
32F6A19-3012,F6,water,panel,400V 3ph,none,400,500,710,615,1065,887.50,150,125,2,4,A1
32F6A19-3013,F6,air,push-through,400V 3ph,none,400,500,710,615,1065,887.50,150,125,2,4,A1
32F6A19-3014,F6,water,push-through,400V 3ph,none,400,500,710,615,1065,887.50,150,125,2,4,A1
32F6A19-3B1E,F6,water,panel (high perf),400V 3ph,none,400,500,710,615,1065,887.50,150,125,8,8,A1
32F6A19-3B1G,F6,water,push-through (high perf),400V 3ph,none,400,500,710,615,1065,887.50,150,125,8,8,A1
32F6A39-3011,F6,air,panel,400V 3ph,none,400,500,710,615,1065,887.50,150,125,2,4,A3
32F6A39-3012,F6,water,panel,400V 3ph,none,400,500,710,615,1065,887.50,150,125,2,4,A3
32F6A39-3013,F6,air,push-through,400V 3ph,none,400,500,710,615,1065,887.50,150,125,2,4,A3
32F6A39-3014,F6,water,push-through,400V 3ph,none,400,500,710,615,1065,887.50,150,125,2,4,A3
32F6A39-3B1E,F6,water,panel (high perf),400V 3ph,none,400,500,710,615,1065,887.50,150,125,8,8,A3
32F6A39-3B1G,F6,water,push-through (high perf),400V 3ph,none,400,500,710,615,1065,887.50,150,125,8,8,A3
32F6K19-3011,F6,air,panel,400V 3ph,none,400,500,710,615,1065,887.50,150,125,2,4,K1
32F6K19-3012,F6,water,panel,400V 3ph,none,400,500,710,615,1065,887.50,150,125,2,4,K1
32F6K19-3013,F6,air,push-through,400V 3ph,none,400,500,710,615,1065,887.50,150,125,2,4,K1
32F6K19-3014,F6,water,push-through,400V 3ph,none,400,500,710,615,1065,887.50,150,125,2,4,K1
32F6P59-3031,F6,air,panel,400V 3ph,none,400,500,710,615,1065,887.50,150,125,2,4,P5-3
32F6P59-3032,F6,water,panel,400V 3ph,none,400,500,710,615,1065,887.50,150,125,2,4,P5-3
32F6P59-3033,F6,air,push-through,400V 3ph,none,400,500,710,615,1065,887.50,150,125,2,4,P5-3
32F6P59-3034,F6,water,push-through,400V 3ph,none,400,500,710,615,1065,887.50,150,125,2,4,P5-3
32F6P59-3041,F6,air,panel,400V 3ph,none,400,500,710,615,1065,887.50,150,125,2,4,P5-4
32F6P59-3042,F6,water,panel,400V 3ph,none,400,500,710,615,1065,887.50,150,125,2,4,P5-4
32F6P59-3043,F6,air,push-through,400V 3ph,none,400,500,710,615,1065,887.50,150,125,2,4,P5-4
32F6P59-3044,F6,water,push-through,400V 3ph,none,400,500,710,615,1065,887.50,150,125,2,4,P5-4
32F6P59-3051,F6,air,panel,400V 3ph,none,400,500,710,615,1065,887.50,150,125,2,4,P5-5
32F6P59-3052,F6,water,panel,400V 3ph,none,400,500,710,615,1065,887.50,150,125,2,4,P5-5
32F6P59-3053,F6,air,push-through,400V 3ph,none,400,500,710,615,1065,887.50,150,125,2,4,P5-5
32F6P59-3054,F6,water,push-through,400V 3ph,none,400,500,710,615,1065,887.50,150,125,2,4,P5-5
32F6P59-3B3E,F6,water,panel (high perf),400V 3ph,none,400,500,710,615,1065,887.50,150,125,8,8,P5-3
32F6P59-3B3G,F6,water,push-through (high perf),400V 3ph,none,400,500,710,615,1065,887.50,150,125,8,8,P5-3
32F6P59-3B4E,F6,water,panel (high perf),400V 3ph,none,400,500,710,615,1065,887.50,150,125,8,8,P5-4
32F6P59-3B4G,F6,water,push-through (high perf),400V 3ph,none,400,500,710,615,1065,887.50,150,125,8,8,P5-4
32F6P59-3B5E,F6,water,panel (high perf),400V 3ph,none,400,500,710,615,1065,887.50,150,125,8,8,P5-5
32F6P59-3B5G,F6,water,push-through (high perf),400V 3ph,none,400,500,710,615,1065,887.50,150,125,8,8,P5-5
33F6A19-3012,F6,water,panel,400V 3ph,none,450,600,800,692,1200,1000,150,125,2,4,A1
33F6A19-3014,F6,water,push-through,400V 3ph,none,450,600,800,692,1200,1000,150,125,2,4,A1
33F6A19-3B1E,F6,water,panel (high perf),400V 3ph,none,450,600,800,692,1200,1000,150,125,8,8,A1
33F6A19-3B1G,F6,water,push-through (high perf),400V 3ph,none,450,600,800,692,1200,1000,150,125,8,8,A1
33F6A39-3012,F6,water,panel,400V 3ph,none,450,600,800,692,1200,1000,150,125,2,4,A3
33F6A39-3014,F6,water,push-through,400V 3ph,none,450,600,800,692,1200,1000,150,125,2,4,A3
33F6A39-3B1E,F6,water,panel (high perf),400V 3ph,none,450,600,800,692,1200,1000,150,125,8,8,A3
33F6A39-3B1G,F6,water,push-through (high perf),400V 3ph,none,450,600,800,692,1200,1000,150,125,8,8,A3
33F6K19-3012,F6,water,panel,400V 3ph,none,450,600,800,692,1200,1000,150,125,2,4,K1
33F6K19-3014,F6,water,push-through,400V 3ph,none,450,600,800,692,1200,1000,150,125,2,4,K1
33F6P59-3032,F6,water,panel,400V 3ph,none,450,600,800,692,1200,1000,150,125,2,4,P5-3
33F6P59-3034,F6,water,push-through,400V 3ph,none,450,600,800,692,1200,1000,150,125,2,4,P5-3
33F6P59-3042,F6,water,panel,400V 3ph,none,450,600,800,692,1200,1000,150,125,2,4,P5-4
33F6P59-3044,F6,water,push-through,400V 3ph,none,450,600,800,692,1200,1000,150,125,2,4,P5-4
33F6P59-3052,F6,water,panel,400V 3ph,none,450,600,800,692,1200,1000,150,125,2,4,P5-5
33F6P59-3054,F6,water,push-through,400V 3ph,none,450,600,800,692,1200,1000,150,125,2,4,P5-5
33F6P59-3B3E,F6,water,panel (high perf),400V 3ph,none,450,600,800,692,1200,1000,150,125,8,8,P5-3
33F6P59-3B3G,F6,water,push-through (high perf),400V 3ph,none,450,600,800,692,1200,1000,150,125,8,8,P5-3
33F6P59-3B4E,F6,water,panel (high perf),400V 3ph,none,450,600,800,692,1200,1000,150,125,8,8,P5-4
33F6P59-3B4G,F6,water,push-through (high perf),400V 3ph,none,450,600,800,692,1200,1000,150,125,8,8,P5-4
33F6P59-3B5E,F6,water,panel (high perf),400V 3ph,none,450,600,800,692,1200,1000,150,125,8,8,P5-5
33F6P59-3B5G,F6,water,push-through (high perf),400V 3ph,none,450,600,800,692,1200,1000,150,125,8,8,P5-5
07S6A12-1100,S6,air,book,400V 3ph,integrated,0.75,1,2.60,2.10,7.80,5.20,300,200,8,16,A1
07S6A12-2100,S6,air,book,400V 3ph,none,0.75,1,2.60,2.10,7.80,5.20,300,200,8,16,A1
07S6A12-3100,S6,air,book,230V 1ph,integrated,0.75,1,4,4,9.60,6,240,150,8,16,A1
07S6A12-4100,S6,air,book,230V 1ph,none,0.75,1,4,4,9.60,6,240,150,8,16,A1
07S6A32-1100,S6,air,book,400V 3ph,integrated,0.75,1,2.60,2.10,7.80,5.20,300,200,8,16,A3
07S6A32-2100,S6,air,book,400V 3ph,none,0.75,1,2.60,2.10,7.80,5.20,300,200,8,16,A3
07S6A32-3100,S6,air,book,230V 1ph,integrated,0.75,1,4,4,9.60,6,240,150,8,16,A3
07S6A32-4100,S6,air,book,230V 1ph,none,0.75,1,4,4,9.60,6,240,150,8,16,A3
07S6K12-1100,S6,air,book,400V 3ph,integrated,0.75,1,2.60,2.10,7.80,5.20,300,200,8,16,K1
07S6K12-2100,S6,air,book,400V 3ph,none,0.75,1,2.60,2.10,7.80,5.20,300,200,8,16,K1
07S6K12-3100,S6,air,book,230V 1ph,integrated,0.75,1,4,4,9.60,6,240,150,8,16,K1
07S6K12-4100,S6,air,book,230V 1ph,none,0.75,1,4,4,9.60,6,240,150,8,16,K1
07S6P52-1300,S6,air,book,400V 3ph,integrated,0.75,1,2.60,2.10,7.80,5.20,300,200,8,16,P5-3
07S6P52-1400,S6,air,book,400V 3ph,integrated,0.75,1,2.60,2.10,7.80,5.20,300,200,8,16,P5-4
07S6P52-1500,S6,air,book,400V 3ph,integrated,0.75,1,2.60,2.10,7.80,5.20,300,200,8,16,P5-5
07S6P52-2300,S6,air,book,400V 3ph,none,0.75,1,2.60,2.10,7.80,5.20,300,200,8,16,P5-3
07S6P52-2400,S6,air,book,400V 3ph,none,0.75,1,2.60,2.10,7.80,5.20,300,200,8,16,P5-4
07S6P52-2500,S6,air,book,400V 3ph,none,0.75,1,2.60,2.10,7.80,5.20,300,200,8,16,P5-5
07S6P52-3300,S6,air,book,230V 1ph,integrated,0.75,1,4,4,9.60,6,240,150,8,16,P5-3
07S6P52-3400,S6,air,book,230V 1ph,integrated,0.75,1,4,4,9.60,6,240,150,8,16,P5-4
07S6P52-3500,S6,air,book,230V 1ph,integrated,0.75,1,4,4,9.60,6,240,150,8,16,P5-5
07S6P52-4300,S6,air,book,230V 1ph,none,0.75,1,4,4,9.60,6,240,150,8,16,P5-3
07S6P52-4400,S6,air,book,230V 1ph,none,0.75,1,4,4,9.60,6,240,150,8,16,P5-4
07S6P52-4500,S6,air,book,230V 1ph,none,0.75,1,4,4,9.60,6,240,150,8,16,P5-5
09S6A12-1100,S6,air,book,400V 3ph,integrated,1.5,2,4.10,3.40,12.30,8.20,300,200,8,16,A1
09S6A12-2100,S6,air,book,400V 3ph,none,1.5,2,4.10,3.40,12.30,8.20,300,200,8,16,A1
09S6A12-3100,S6,air,book,230V 1ph,integrated,1.5,2,7,7,16.80,10.50,240,150,8,16,A1
09S6A12-4100,S6,air,book,230V 1ph,none,1.5,2,7,7,16.80,10.50,240,150,8,16,A1
09S6A32-1100,S6,air,book,400V 3ph,integrated,1.5,2,4.10,3.40,12.30,8.20,300,200,8,16,A3
09S6A32-2100,S6,air,book,400V 3ph,none,1.5,2,4.10,3.40,12.30,8.20,300,200,8,16,A3
09S6A32-3100,S6,air,book,230V 1ph,integrated,1.5,2,7,7,16.80,10.50,240,150,8,16,A3
09S6A32-4100,S6,air,book,230V 1ph,none,1.5,2,7,7,16.80,10.50,240,150,8,16,A3
09S6K12-1100,S6,air,book,400V 3ph,integrated,1.5,2,4.10,3.40,12.30,8.20,300,200,8,16,K1
09S6K12-2100,S6,air,book,400V 3ph,none,1.5,2,4.10,3.40,12.30,8.20,300,200,8,16,K1
09S6K12-3100,S6,air,book,230V 1ph,integrated,1.5,2,7,7,16.80,10.50,240,150,8,16,K1
09S6K12-4100,S6,air,book,230V 1ph,none,1.5,2,7,7,16.80,10.50,240,150,8,16,K1
09S6P52-1300,S6,air,book,400V 3ph,integrated,1.5,2,4.10,3.40,12.30,8.20,300,200,8,16,P5-3
09S6P52-1400,S6,air,book,400V 3ph,integrated,1.5,2,4.10,3.40,12.30,8.20,300,200,8,16,P5-4
09S6P52-1500,S6,air,book,400V 3ph,integrated,1.5,2,4.10,3.40,12.30,8.20,300,200,8,16,P5-5
09S6P52-2300,S6,air,book,400V 3ph,none,1.5,2,4.10,3.40,12.30,8.20,300,200,8,16,P5-3
09S6P52-2400,S6,air,book,400V 3ph,none,1.5,2,4.10,3.40,12.30,8.20,300,200,8,16,P5-4
09S6P52-2500,S6,air,book,400V 3ph,none,1.5,2,4.10,3.40,12.30,8.20,300,200,8,16,P5-5
09S6P52-3300,S6,air,book,230V 1ph,integrated,1.5,2,7,7,16.80,10.50,240,150,8,16,P5-3
09S6P52-3400,S6,air,book,230V 1ph,integrated,1.5,2,7,7,16.80,10.50,240,150,8,16,P5-4
09S6P52-3500,S6,air,book,230V 1ph,integrated,1.5,2,7,7,16.80,10.50,240,150,8,16,P5-5
09S6P52-4300,S6,air,book,230V 1ph,none,1.5,2,7,7,16.80,10.50,240,150,8,16,P5-3
09S6P52-4400,S6,air,book,230V 1ph,none,1.5,2,7,7,16.80,10.50,240,150,8,16,P5-4
09S6P52-4500,S6,air,book,230V 1ph,none,1.5,2,7,7,16.80,10.50,240,150,8,16,P5-5
10S6A12-1100,S6,air,book,400V 3ph,integrated,2.2,3,5.80,4.80,17.40,11.60,300,200,8,16,A1
10S6A12-2100,S6,air,book,400V 3ph,none,2.2,3,5.80,4.80,17.40,11.60,300,200,8,16,A1
10S6A32-1100,S6,air,book,400V 3ph,integrated,2.2,3,5.80,4.80,17.40,11.60,300,200,8,16,A3
10S6A32-2100,S6,air,book,400V 3ph,none,2.2,3,5.80,4.80,17.40,11.60,300,200,8,16,A3
10S6K12-1100,S6,air,book,400V 3ph,integrated,2.2,3,5.80,4.80,17.40,11.60,300,200,8,16,K1
10S6K12-2100,S6,air,book,400V 3ph,none,2.2,3,5.80,4.80,17.40,11.60,300,200,8,16,K1
10S6P52-1300,S6,air,book,400V 3ph,integrated,2.2,3,5.80,4.80,17.40,11.60,300,200,8,16,P5-3
10S6P52-1400,S6,air,book,400V 3ph,integrated,2.2,3,5.80,4.80,17.40,11.60,300,200,8,16,P5-4
10S6P52-1500,S6,air,book,400V 3ph,integrated,2.2,3,5.80,4.80,17.40,11.60,300,200,8,16,P5-5
10S6P52-2300,S6,air,book,400V 3ph,none,2.2,3,5.80,4.80,17.40,11.60,300,200,8,16,P5-3
10S6P52-2400,S6,air,book,400V 3ph,none,2.2,3,5.80,4.80,17.40,11.60,300,200,8,16,P5-4
10S6P52-2500,S6,air,book,400V 3ph,none,2.2,3,5.80,4.80,17.40,11.60,300,200,8,16,P5-5
12S6A14-1100,S6,air,book,400V 3ph,integrated,4,5,9.50,7.60,28.50,19,300,200,8,16,A1
12S6A14-2100,S6,air,book,400V 3ph,none,4,5,9.50,7.60,28.50,19,300,200,8,16,A1
12S6A34-1100,S6,air,book,400V 3ph,integrated,4,5,9.50,7.60,28.50,19,300,200,8,16,A3
12S6A34-2100,S6,air,book,400V 3ph,none,4,5,9.50,7.60,28.50,19,300,200,8,16,A3
12S6K14-1100,S6,air,book,400V 3ph,integrated,4,5,9.50,7.60,28.50,19,300,200,8,16,K1
12S6K14-2100,S6,air,book,400V 3ph,none,4,5,9.50,7.60,28.50,19,300,200,8,16,K1
12S6P54-1300,S6,air,book,400V 3ph,integrated,4,5,9.50,7.60,28.50,19,300,200,8,16,P5-3
12S6P54-1400,S6,air,book,400V 3ph,integrated,4,5,9.50,7.60,28.50,19,300,200,8,16,P5-4
12S6P54-1500,S6,air,book,400V 3ph,integrated,4,5,9.50,7.60,28.50,19,300,200,8,16,P5-5
12S6P54-2300,S6,air,book,400V 3ph,none,4,5,9.50,7.60,28.50,19,300,200,8,16,P5-3
12S6P54-2400,S6,air,book,400V 3ph,none,4,5,9.50,7.60,28.50,19,300,200,8,16,P5-4
12S6P54-2500,S6,air,book,400V 3ph,none,4,5,9.50,7.60,28.50,19,300,200,8,16,P5-5
13S6A14-1100,S6,air,book,400V 3ph,integrated,5.5,7.5,12,11,36,24,300,200,8,16,A1
13S6A14-2100,S6,air,book,400V 3ph,none,5.5,7.5,12,11,36,24,300,200,8,16,A1
13S6A34-1100,S6,air,book,400V 3ph,integrated,5.5,7.5,12,11,36,24,300,200,8,16,A3
13S6A34-2100,S6,air,book,400V 3ph,none,5.5,7.5,12,11,36,24,300,200,8,16,A3
13S6K14-1100,S6,air,book,400V 3ph,integrated,5.5,7.5,12,11,36,24,300,200,8,16,K1
13S6K14-2100,S6,air,book,400V 3ph,none,5.5,7.5,12,11,36,24,300,200,8,16,K1
13S6P54-1300,S6,air,book,400V 3ph,integrated,5.5,7.5,12,11,36,24,300,200,8,16,P5-3
13S6P54-1400,S6,air,book,400V 3ph,integrated,5.5,7.5,12,11,36,24,300,200,8,16,P5-4
13S6P54-1500,S6,air,book,400V 3ph,integrated,5.5,7.5,12,11,36,24,300,200,8,16,P5-5
13S6P54-2300,S6,air,book,400V 3ph,none,5.5,7.5,12,11,36,24,300,200,8,16,P5-3
13S6P54-2400,S6,air,book,400V 3ph,none,5.5,7.5,12,11,36,24,300,200,8,16,P5-4
13S6P54-2500,S6,air,book,400V 3ph,none,5.5,7.5,12,11,36,24,300,200,8,16,P5-5
14S6A14-2100,S6,air,book,400V 3ph,none,7.5,10,16.50,14,35.64,24.75,216,150,4,16,A1
14S6A34-2100,S6,air,book,400V 3ph,none,7.5,10,16.50,14,35.64,24.75,216,150,4,16,A3
14S6K14-2100,S6,air,book,400V 3ph,none,7.5,10,16.50,14,35.64,24.75,216,150,4,16,K1
14S6P54-2300,S6,air,book,400V 3ph,none,7.5,10,16.50,14,35.64,24.75,216,150,4,16,P5-3
14S6P54-2400,S6,air,book,400V 3ph,none,7.5,10,16.50,14,35.64,24.75,216,150,4,16,P5-4
14S6P54-2500,S6,air,book,400V 3ph,none,7.5,10,16.50,14,35.64,24.75,216,150,4,16,P5-5
